,BUSINESS_ID,STARS,val1,val2
0,x5vSE0-NO_YSZtOnitLWuQ,3,60,300
1,rt-EKmn8xpUuWdePYPPcHQ,2,40,200
2,KcbFFh7xfBLl2YeXQRhUNg,3,60,300
3,wHeG9RYU3_k3wlCgkLGDRA,3,60,300
4,XvTBQotmJpVPjPNaMM7qLA,3,60,300
5,x2nALssJGy_6p74ddxx3GQ,3,60,300
6,TRJHqPTKFFFglV0OGXS3Ig,2,40,200
7,oaOT2G5mIE8yOPZ55RM4cA,5,100,500
8,AJ8DDFm6QaihAPZI3wFBHw,4,80,400
9,sKWZ_tAOVMZoC4Qk8_Bd4A,1,20,100
10,UY13CTgUqriT-fMxT2APLw,5,100,500
11,p4GMQauk2iqZnN6cj81s3g,2,40,200
12,4Iak803d4fyY358jSMRasg,4,80,400
13,DTvcpHf2gGKgSujUVXA7sA,1,20,100
14,9MJDPVeLqAWLqdWF4Heqvg,3,60,300
15,QYIhMNwxXejDoCr-F1BxDg,4,80,400
16,Wnq5to0-jXyh0-_jRZ6VOQ,3,60,300
17,-cBQKodqi77Q0vk-9iDvQA,3,60,300
18,yVLbAdSQQURBNWsJIxzmfw,3,60,300
19,qBMQUR66_7pmld8NmGxVFg,5,100,500
20,IUTU_8qM7M8j9A1TbmMjYA,4,80,400
21,8F-CalsRSKiPjjsx8ql8Lg,4,80,400
22,qgAZPDQStZP_Y5XTiQ6UqA,3,60,300
23,P6c0lV9DeJ6ofntpTWyqhA,4,80,400
24,21fK0m8sQFbRQv3RlskE2w,2,40,200
25,XfNDmxQiG5nZVZe-JY10NA,4,80,400
26,6Z3lZEEIKv6opbyavmnGbA,4,80,400
27,ndQTAJzhhkrl1i5ToEGSZw,5,100,500
28,HlkjT-4MXW_efuEydjrR1A,5,100,500
29,YMZy_nGxtJtuQvflM6Ltww,5,100,500
30,2rLuOMi6Q6zzqUU8ltreSA,1,20,100
31,JzOp695tclcNCNMuBl7oxA,4,80,400
32,0TBTV3q6QXCn9vNhy3Xi2w,4,80,400
33,Hr5h_LG9TMBLlFz_Oici0A,5,100,500
34,sZf_KrF9ZLC7z4jiLGgVOw,3,60,300
35,ZHQU79PMUGCX0fEoyCcWlw,4,80,400
36,0U-1Wkl7y-wv39qM6WKL_w,4,80,400
37,RyJIi1IP0UQ5qGbwazgsIA,2,40,200
38,-yXkMzPPQ2PvzIC-NrH-Sg,3,60,300
39,GIhzzb9tjqLCYdNP_k3-dQ,3,60,300
40,vKgsXz3W4BIquVcgJs19sQ,5,100,500
41,zJCbSgXWFWwvKiIRFFuiTA,4,80,400
42,iikAHVLZrZn7Zy1aEPD25A,4,80,400
43,5jxn3_C5rjBow-aiBqcQNg,4,80,400
44,QBLl3bVLWZB4-jS-O_MKug,5,100,500
45,6a-EXpakLH9tLtv8SDWdWQ,4,80,400
46,T1tvWywCdTv8YiK-r_roLw,3,60,300
47,NmbBDuALeotUv01k7Qqr7g,3,60,300
48,QYIhMNwxXejDoCr-F1BxDg,3,60,300
49,Xwf022IffmZPq6V25iomDg,3,60,300
50,Se9dkAqNfBoOoAbKT0LEsg,5,100,500
51,P1Ks4okkg58xKTXLjGp4iQ,2,40,200
52,9R8Ia-EwSBJR5CUHN1K9yw,4,80,400
53,uO81UPtXJK9L0s1rOkwMjQ,2,40,200
54,BYQXVyuarIvLi32JzMLSVg,4,80,400
55,y45zdBlXT0Mr0gEfYOzXlw,3,60,300
56,DPZBuTuL7w5MVxsCEyQudQ,1,20,100
57,edVhUxTKz4nn5-qF7Ix_7g,4,80,400
58,O6obMXRKCnLMygvm2fSp0w,3,60,300
59,tkSk6jdenjbYEcqSchFR7g,3,60,300
60,pApEPv1-ApXee4GYYMB5AQ,5,100,500
61,SqL19z7A7LB91RkWWwWvnQ,4,80,400
62,TohJiJOsB7XwRyenaQel6w,2,40,200
63,g5l4vrFN03ob_zDDztDDjA,3,60,300
64,u4TVM_6Ya1FBRszxcBROWA,5,100,500
65,tWiFat101ID5w_wgAPMXhA,5,100,500
66,fZM_o3kKZ9mR-1pvBeow8A,2,40,200
67,_nB8HNT2IDRhlAoY9TPYew,4,80,400
68,bh0dRmSXjNWZLRys2VmW6A,5,100,500
69,dDZqtA1me453GrMtpcpYOQ,3,60,300
70,tVVZcFFt3ZlWVE7nptN3EQ,3,60,300
71,ofAbFXOMz2-Di7p2oDsfhQ,3,60,300
72,hRL_qCrcu9UL773su0QabQ,2,40,200
73,_9SDJqTh8z0t3WZmVvbnYA,1,20,100
74,JzOp695tclcNCNMuBl7oxA,5,100,500
75,HgJGwePlWjhzOEL028pSig,1,20,100
76,momjERcb6G6ienrfPuNArw,4,80,400
77,PRbIMseOwPCCRv5C4SfTDQ,4,80,400
78,D3ehpx1uKG5aLuaJgztYDg,5,100,500
79,dSEpkUP_RuR5gG_LhJ_INA,3,60,300
80,5FIOXmUE3qMviX9GafGH-Q,3,60,300
81,fCaJNz9ff4x0x46fPA8nXg,2,40,200
82,jGKcrKCPZ7wtFticJ6KZHg,5,100,500
83,V-dxglt0zIcBZzZ-4gfgAw,2,40,200
84,AqYLbchnIxVSBdUJuLVdrA,1,20,100
85,Jzth-y32SyvOhJNgbIPTqQ,5,100,500
86,afrS2T04mfdWHYxuK-2knA,1,20,100
87,y78qakVvpdRgIzManeISAw,5,100,500
88,mZsvMd5RCat1d3KMSD5tsg,5,100,500
89,0TBTV3q6QXCn9vNhy3Xi2w,5,100,500
90,Q3G58vv1ClvH4re9QBsVgQ,3,60,300
91,W2CzAePJakvARgoQuohbOA,5,100,500
92,giLPHHPabZycyoNHoP35Sw,5,100,500
93,OzkK-4IqoBqqIZIdhVJXQA,5,100,500
94,1wiv2BvvauMj8hS16UuEYw,4,80,400
95,mKRKhFuJX4nhJykUvZO8hQ,4,80,400
96,jlbP9Yd0AQP8OlcsFkZ4hQ,4,80,400
97,I9VW1y9hmHKAtaO0edSyzA,4,80,400
98,4z2evNWOBm7b4-7Td0392A,4,80,400
99,O0VtL9uyf0CY1Yq-kZT8fA,4,80,400
100,WCE7YEBV_jOk-KaIEndrGg,4,80,400
101,ZhjU0FkCIaG43F83TwSN8w,3,60,300
102,5FIOXmUE3qMviX9GafGH-Q,4,80,400
103,hRL_qCrcu9UL773su0QabQ,3,60,300
104,Md_TTNUkO7U47b3cass4gw,3,60,300
105,mbnU0WTmBcYDvUu0ch6O8A,5,100,500
106,oYfzCy8kUkALFa28og_OsQ,3,60,300
107,IvbVnHO2Y5w4b61rJ5xHaQ,5,100,500
108,kzQ7vylNAQn3w2JGBEluPg,5,100,500
109,r0rtl4OsZy-F099jeO_DKA,3,60,300
110,iUaxM9t-ZcdTjI2Zx_3vEQ,4,80,400
111,jiOREht1_iH8BPDBe9kerw,4,80,400
112,oaOT2G5mIE8yOPZ55RM4cA,5,100,500
113,BaPKO2rV_uaOtRliKtaFcQ,4,80,400
114,oVAySgyWYzzmvJpTJ8PO5Q,5,100,500
115,tamr4J75GguGhF1hm1wEaA,4,80,400
116,XvTBQotmJpVPjPNaMM7qLA,3,60,300
117,2ZUEOFbbwTjrvkTEVXAdPw,4,80,400
118,AfN3Z1U6QPEgAb5F2CQm8w,4,80,400
119,sKWZ_tAOVMZoC4Qk8_Bd4A,4,80,400
120,9XSF1vFyteVhj9sbD2DEAg,5,100,500
121,RzLlGTOFQZyoFgEpk0Ik0Q,4,80,400
122,-mklrNaGHec-ZnTAsBtilA,1,20,100
123,-jCh1266UulWxTtUpUiDFw,5,100,500
124,uIE9H0cz2AvxorEqy5cZ0w,4,80,400
125,63dCBZQILHR-QogyKXnvXw,4,80,400
126,dEq4Yj50tWOSzxqXloahsw,5,100,500
127,4Iak803d4fyY358jSMRasg,2,40,200
128,Zz7XBdd0Eu9JZgamvIBFzQ,5,100,500
129,U6P56MjLrraN0JBNvOjxaA,4,80,400
130,MbAsfN3wwV22K7GZsgcBqA,4,80,400
131,d3C5QTYpZCdp2pV1Cq5G_g,4,80,400
132,vzJ1z1dPKFsM9zoTv6tL3g,1,20,100
133,mKf7pIkOYpEhJTqjw4_Fxg,4,80,400
134,nhOCUUgFa1izAiWVKAxhCQ,5,100,500
135,2UZ4nBPHew9nKWcQyeG0TQ,5,100,500
136,5FIOXmUE3qMviX9GafGH-Q,5,100,500
137,TT4XW2WMG0PNyUIFBIINuA,4,80,400
138,EVbEdWYLE9GDpVG97MGw-w,4,80,400
139,dimv16yFu0JXR1n1SAqedQ,1,20,100
140,wl0QZqAzr1DelslQ02JGCQ,4,80,400
141,wXsccicHhEvNssIJhdmS2Q,5,100,500
142,Oh66jkE6zCIIBDSEBwz0Cw,2,40,200
143,L2iT7pipc455Tgpbo35_mw,1,20,100
144,WF0bsux--lnBfV95xmGTpw,5,100,500
145,6t7mlTVjDA9fhuFAZmVzAQ,1,20,100
146,DS0E9qEyVTyV_BGWoPgjGQ,5,100,500
147,mtBAaQ2xarcjZtPbLhar4g,5,100,500
148,mbV5FSZjiUViAdwcYRY0Rw,4,80,400
149,iBihgoxc6Ot7m2D4D3z0QA,2,40,200
150,i631pRlq0u29VvaMshW67A,3,60,300
151,W2CzAePJakvARgoQuohbOA,3,60,300
152,JhEtJbGjAqKDHCZ11i3qoQ,4,80,400
153,gDOuHjntsN37XEjROoQ2Aw,5,100,500
154,2q2gGuigGrCFmx3juLAVww,4,80,400
155,NUhHkT1wfXsTLxt_tWwVXw,3,60,300
156,3JnO3AEqRD8DbXkWP-gTFw,5,100,500
157,8F-CalsRSKiPjjsx8ql8Lg,4,80,400
158,366FaRQ1MWEHBhaEKTcriQ,5,100,500
159,tIauOelAC3BZk_xhMoDBUg,2,40,200
160,U6P56MjLrraN0JBNvOjxaA,5,100,500
161,OMxgLbrSCEU12265nz9JVA,4,80,400
162,hIgGkG1JnHX4xmVuOgegDw,4,80,400
163,ZvtELJTUOh0yRrPxyyiakQ,4,80,400
164,AbnpKkW0mpv34jtRps4C0A,4,80,400
165,P6c0lV9DeJ6ofntpTWyqhA,3,60,300
166,ZO2-nQjKZBoZUSOzJb4CUQ,5,100,500
167,tWiFat101ID5w_wgAPMXhA,4,80,400
168,RMtnJYAAiXmUFrMngttEoQ,4,80,400
169,5J1SoLkAM2zAOKqrRB7rCQ,4,80,400
170,AgE33nKGtNLQkCKQBW44Tw,5,100,500
171,5FIOXmUE3qMviX9GafGH-Q,5,100,500
172,CO8MpD1bSkBPArXKBKkIfA,3,60,300
173,1zsM7weLS8fNHomDAqCh4Q,5,100,500
174,ndQTAJzhhkrl1i5ToEGSZw,1,20,100
175,aiX_WP7NKPTdF9CfI-M-wg,3,60,300
176,3vta1BSPwdSulcCFMpBjDw,2,40,200
177,CMCAZVvZlP0ztWo6fhwnGg,2,40,200
178,neO0lOx9YE3r7SvVkmpS8w,2,40,200
179,fZM_o3kKZ9mR-1pvBeow8A,2,40,200
180,NlxSKTGm2khkYloVMoKlRw,5,100,500
181,7_08jLr277WpzXkcERXhjA,3,60,300
182,ydt5yifyYhF5s430llv_Hw,1,20,100
183,5FIOXmUE3qMviX9GafGH-Q,5,100,500
184,46QWVor8H5eUDNYnx-fMnw,5,100,500
185,pD6Eg5iI8zgS1YZZYk0TVA,5,100,500
186,RyJIi1IP0UQ5qGbwazgsIA,1,20,100
187,DPZBuTuL7w5MVxsCEyQudQ,4,80,400
188,gONNfEoNaRLNtgaAcxwsLQ,2,40,200
189,fKRKE4XQzOCgddSSQAESTQ,4,80,400
190,aVkVDJ01OgvNwhlCUz_bng,4,80,400
191,SurnOSM2bVVN4-Js3G23RQ,4,80,400
192,gVVmLRUrAf-mqgndol3rUw,5,100,500
193,jJDKPJLzkoPeytWIzstJrA,2,40,200
194,v9RoRhf64X5E06gdqeudFQ,5,100,500
195,_XptUzewghAxa0_4R7br-Q,5,100,500
196,BTf8sELl1TjovRc0f-tgJg,5,100,500
197,qOd7QUh-sIB7zN7RbP1-qw,5,100,500
198,Gw-ozqLSHoP3BQPKaiXJGg,5,100,500
199,8RZf-eJI5J05Qu60TD_6fA,5,100,500
200,gWqwzJTx8g588U3f7BkZnw,5,100,500
201,EVbEdWYLE9GDpVG97MGw-w,5,100,500
202,4c-O3t8I-JxfUGJDUwvj6Q,5,100,500
203,UBQRhqRMW4Sk7kSZvZ1iAQ,3,60,300
204,1wiv2BvvauMj8hS16UuEYw,3,60,300
205,HkbNItNrnXlNo59M0YyoMg,3,60,300
206,FzwAT5zi8hy5kJ79HaKJPQ,1,20,100
207,DVaTciFGcCXLHTufHZM4_A,4,80,400
208,7ef7jYhmfbxSI7s57HoJAg,4,80,400
209,UhCSu92r2XVPmhQET1c2Bw,5,100,500
210,hRL_qCrcu9UL773su0QabQ,5,100,500
211,T3y7m50JXsf8HI66L4f72w,2,40,200
212,tduDcM1hWHPeyQ9SRPTQmQ,4,80,400
213,jN00dj1opLMyFczkCTptqQ,5,100,500
214,i631pRlq0u29VvaMshW67A,1,20,100
215,1uCoWygbmehTJP8Su_3QVA,5,100,500
216,rIHt5dCEPotEn-gy6IUT_A,4,80,400
217,cbLEGyROMNKbOZpEah3seQ,3,60,300
218,XWiL_1CtBWmd1unCiWj_XQ,3,60,300
219,E6Cb9EwRyXQrIpJqoT4nSg,3,60,300
220,4yIOZXIYJiQlkqW_MUtVgQ,5,100,500
221,Z96TEJDXyUhCerS-9QllXw,3,60,300
222,AZQKMMvX9m1-uTdLPMzK3g,4,80,400
223,CMCAZVvZlP0ztWo6fhwnGg,2,40,200
224,aiX_WP7NKPTdF9CfI-M-wg,4,80,400
225,fE9SP84G6TZrv36FLbCy7w,4,80,400
226,RN0PTeMSF_eaeXN6VV7RwA,2,40,200
227,NUhHkT1wfXsTLxt_tWwVXw,4,80,400
228,Rj3wnYT1QAxpJlRT5mMc-g,4,80,400
229,Dqzkdf0sz8lm9AFjfsDmIw,3,60,300
230,uKKNw68mZZaa1jcyszEbyA,3,60,300
231,gp9ZESRRNLqWfgJtEzPThA,4,80,400
232,futvxFkM42RYxXr8ROogBQ,4,80,400
233,OJBn0HFMvVB9TDcr4OLttw,5,100,500
234,T3y7m50JXsf8HI66L4f72w,4,80,400
235,l8X3I6h4EdDR-Fv_KV8joA,5,100,500
236,pHpU8lnnxMuPWRHOysuMIQ,3,60,300
237,ZpdSgmF55vELLYl4b26tKw,4,80,400
238,3KFWuiz8lla9SospgQn6Yg,5,100,500
239,AtSEe-B2mFmLFHBf4PLTrw,3,60,300
240,QYIhMNwxXejDoCr-F1BxDg,3,60,300
241,GB6bZTCMmqZncRSxurNblA,4,80,400
242,NxjUiGBNgyDErKXnmQ3s3w,2,40,200
243,4yIOZXIYJiQlkqW_MUtVgQ,3,60,300
244,8XFDd4uX-g5B4JJzIahPHg,5,100,500
245,Crhm6oKCj7raPlakwltbVQ,4,80,400
246,qMJyOW1FdPOf8sli8DIq_A,5,100,500
247,lx_HJMFpKEZW-e9_-LyuQg,3,60,300
248,4fbH3Yr1D5r5-QD-HReDlg,2,40,200
249,bJnikvRTWIoGp23TfQ0BTw,5,100,500
250,0x2qB4R790SX3W4W8FQuWA,5,100,500
251,ROMFVEFKEYi7qhyITX6jfA,5,100,500
252,_uMRu3765QYo0Qg1z1LKqw,4,80,400
253,HJLiVxuvtN0n73BASSZKoQ,2,40,200
254,2rLuOMi6Q6zzqUU8ltreSA,5,100,500
255,rX9k0BJ0OM1zGKXKjfXZQA,4,80,400
256,IWOQNyRqWrnqQA5K49eK5g,4,80,400
257,Pd9cq5LkReRCNsgyh19wJQ,4,80,400
258,QjZNLqhYjGSSH3yyjB8fmA,5,100,500
259,8B1TIuaqhaZ7QMEhDUu-Gg,3,60,300
260,yvwK4MO2qnSZE5ggYGyk1A,4,80,400
261,WjVTG8dxmNpbvfKO0gH14Q,1,20,100
262,SurnOSM2bVVN4-Js3G23RQ,5,100,500
263,KXGkJy-s9W1re2sXqSqoiA,4,80,400
264,qgAZPDQStZP_Y5XTiQ6UqA,4,80,400
265,JzOp695tclcNCNMuBl7oxA,4,80,400
266,U6P56MjLrraN0JBNvOjxaA,3,60,300
267,CmgNyXaBPsn6hLLtWPL_qg,3,60,300
268,x60RbvQEFlvImnqzuBVk3Q,2,40,200
269,NRLsHNbEPpQfaAYS5OLGxg,4,80,400
270,izSn0Go-ObiSgc90B6hEfg,2,40,200
271,VDMRlQXba3OiCSCpKKTIrg,4,80,400
272,Wnq5to0-jXyh0-_jRZ6VOQ,4,80,400
273,wopyolJM2hOAt3dPRmahNA,2,40,200
274,kj1p6NwUGROOoqNySf0I1Q,2,40,200
275,6i_ai8qjYjhxDV988ZRWFQ,5,100,500
276,TjnyNxBUdI68LIXggWOmvw,5,100,500
277,zDyv4CoaYvAgQhgr1IK1sg,4,80,400
278,SkZ7f-zFsKrthhhppDn6Tg,2,40,200
279,R9XSSEzwkmwwwqB76K7s2A,1,20,100
280,XZ5eG2IEqu_MuZyTZTcpSg,5,100,500
281,L9qDnDHSnINNjePwrJz-uQ,5,100,500
282,jJDKPJLzkoPeytWIzstJrA,3,60,300
283,gMN6VKmu4E1EmlMYzz9A3w,5,100,500
284,bKoLvj4R8OUE2tFiqDvv_w,5,100,500
285,jcsan4Rl4RARDIuv7tXz5Q,5,100,500
286,wl0QZqAzr1DelslQ02JGCQ,5,100,500
287,iPxaFtUXxOlJ-0hMHCM7wg,5,100,500
288,oGlIOWdOcAkq4_8IShjQgA,5,100,500
289,qOd7QUh-sIB7zN7RbP1-qw,5,100,500
290,AOWP-Th_u8C3qLfOlaC0ng,5,100,500
291,0HgLKI1T9WT3hJXskDtUrQ,5,100,500
292,CmgNyXaBPsn6hLLtWPL_qg,4,80,400
293,riM-pBsdqRRVXtAVbLfsxQ,3,60,300
294,1zsM7weLS8fNHomDAqCh4Q,4,80,400
295,yet0Pww_ouW49T7V41ecSw,5,100,500
296,1wiv2BvvauMj8hS16UuEYw,4,80,400
297,-cBQKodqi77Q0vk-9iDvQA,5,100,500
298,xAVj_vQj9eTHorWMxY4CPQ,5,100,500
299,M8Fp8K23OeMS4dr35vbfjw,5,100,500
300,JzOp695tclcNCNMuBl7oxA,5,100,500
301,CmgNyXaBPsn6hLLtWPL_qg,5,100,500
302,Z890syqhhoShqFnIyIu9EA,1,20,100
303,Athxc1MbotCHRpKOPNnBuw,3,60,300
304,MEJsTLArqRJgHob7lhgSzw,2,40,200
305,vhIJ91MDgUuk4Cr9Kpj1Nw,5,100,500
306,1UweGrt6mgiTCfsmLMiUxg,1,20,100
307,bh0dRmSXjNWZLRys2VmW6A,4,80,400
308,D3ehpx1uKG5aLuaJgztYDg,3,60,300
309,y4HQ7UaBJaa7LwgDqfFWgA,4,80,400
310,hAioxEk3WU-SzlqIM4TI7w,4,80,400
311,pdF7iJgA4ViACgA4t1OymQ,1,20,100
312,dEq4Yj50tWOSzxqXloahsw,5,100,500
313,ZUz_qc4z8bTOGUoa644eQQ,5,100,500
314,SWhHaWFuijy_KDs0zVCJog,3,60,300
315,SOwXfqwUr6NWmbBS0tx_GA,4,80,400
316,nR6190BfeXH5qmk3f4jwCA,5,100,500
317,5EIJCSrXLHvM2HEoKCejpw,2,40,200
318,nBJvxIwO1wU2DVqyQMczng,5,100,500
319,JzOp695tclcNCNMuBl7oxA,2,40,200
320,fckUjXz1GKpafT4x7-MVJA,3,60,300
321,366FaRQ1MWEHBhaEKTcriQ,3,60,300
322,dEV7S-n0HNipS5XUFAaK8w,5,100,500
323,MAUTYES01tZGlZzAOCSnng,4,80,400
324,5FIOXmUE3qMviX9GafGH-Q,4,80,400
325,2q2gGuigGrCFmx3juLAVww,1,20,100
326,DKusRJUxgsye1cdrlGgQOg,5,100,500
327,JR2ma-JU1CO_xVD_p5-RPw,5,100,500
328,prh-RlduJU3z3ynA5lU3Wg,4,80,400
329,ndQTAJzhhkrl1i5ToEGSZw,5,100,500
330,VfX7rhtX03yNg56ISz8gVQ,3,60,300
331,-KsER702IEQF7QOXANuAIg,3,60,300
332,sahppzQJ0HtvMC7L8ILTVg,1,20,100
333,1wiv2BvvauMj8hS16UuEYw,4,80,400
334,Bjn-GQg6hoUOkew7tTPcLA,5,100,500
335,GIhzzb9tjqLCYdNP_k3-dQ,5,100,500
336,y45zdBlXT0Mr0gEfYOzXlw,4,80,400
337,u6_qfV--qVopLy3jhbirjg,5,100,500
338,hRL_qCrcu9UL773su0QabQ,5,100,500
339,BTENr68s2xysZtOAcf6qTg,5,100,500
340,aiX_WP7NKPTdF9CfI-M-wg,5,100,500
341,riM-pBsdqRRVXtAVbLfsxQ,4,80,400
342,SWhHaWFuijy_KDs0zVCJog,4,80,400
343,VJz2DcvX47i-wqlQ0mQEzQ,5,100,500
344,X1twjafYxMCpKt2MqvY5Tw,5,100,500
345,b1s8c1CTlHmLIlNGI9q-mQ,5,100,500
346,p4KtWurOF5MgWipav08Jpg,5,100,500
347,SzHP4_x-ECuBDVK6npb-Ow,3,60,300
348,vuHzLZ7nAeT-EiecOkS5Og,5,100,500
349,_DMrezN4Aq4T_7VmUjdnpg,5,100,500
350,FtLibezRe7HsT13BLpR-Dg,4,80,400
351,ndQTAJzhhkrl1i5ToEGSZw,1,20,100
352,Wnq5to0-jXyh0-_jRZ6VOQ,5,100,500
353,JhEtJbGjAqKDHCZ11i3qoQ,4,80,400
354,yvwK4MO2qnSZE5ggYGyk1A,3,60,300
355,aqMfCbFNeWn1a4Evds83fg,5,100,500
356,rbreGWFCGNnBCEakGY4F0Q,3,60,300
357,P6c0lV9DeJ6ofntpTWyqhA,1,20,100
358,fC6Zkye_Yd_rf7CJZ1C2VQ,5,100,500
359,ZsThT0P2-_qYemYwPJ6qbA,5,100,500
360,ti7UmThnMV34Juvib64FhA,5,100,500
361,zB4TOI3Ci9BOidw55TREbA,4,80,400
362,n43SvzsYHO_4UTC_QwrZKA,5,100,500
363,zI4zrcOIePiEAQTBB2dCHA,5,100,500
364,p-9tfaYQrfz0FlvsOVDVUA,2,40,200
365,ormVt7XAMLy3DP1tGcxUEQ,1,20,100
366,WfXBS8eJP4GGXVTCIIbnkQ,1,20,100
367,5EIJCSrXLHvM2HEoKCejpw,4,80,400
368,gDOuHjntsN37XEjROoQ2Aw,5,100,500
369,gr-10WzRS0GsZ36N9_PTPA,1,20,100
370,u2Z7wvTpZJzQEhfFBS-06g,1,20,100
371,RetPg5rBPO6YoyaCdI51Hg,5,100,500
372,lpD3xIYuVaQA8xRSlKwn-Q,3,60,300
373,MRKRcM5ogwRuFguPPKOKfQ,5,100,500
374,LsmAjC6kThIx_GZtID_FRQ,5,100,500
375,SOwXfqwUr6NWmbBS0tx_GA,4,80,400
376,0pMsVlUu_MbFqmvbA8F79Q,4,80,400
377,ByZcAtm7-QuSCplgXK9PtQ,2,40,200
378,7dtcBJH9qxtxx1PWnzT10A,4,80,400
379,wa8QgXQu1ZxwPgdRl9lYlg,5,100,500
380,ndQTAJzhhkrl1i5ToEGSZw,5,100,500
381,IrXlXhmSHlIllxZSAARjLA,2,40,200
382,3IVCHZaMILY5LZMi-tpCJw,5,100,500
383,HjXI6lKGPVNQ8dYJPtaOCg,5,100,500
384,j-SSlq3__BQr3H7lAyVvkw,5,100,500
385,JzOp695tclcNCNMuBl7oxA,5,100,500
386,7dtcBJH9qxtxx1PWnzT10A,5,100,500
387,gtAMKvGxEbdFgp0ZNBlDbQ,5,100,500
388,giLPHHPabZycyoNHoP35Sw,5,100,500
389,u57NiwOgUMb6CFg-meca-w,1,20,100
390,RN0PTeMSF_eaeXN6VV7RwA,4,80,400
391,XvTBQotmJpVPjPNaMM7qLA,5,100,500
392,eKcdE5WHnXBd6Rws-vicZQ,3,60,300
393,fZM_o3kKZ9mR-1pvBeow8A,4,80,400
394,qgAZPDQStZP_Y5XTiQ6UqA,4,80,400
395,iBihgoxc6Ot7m2D4D3z0QA,5,100,500
396,JzOp695tclcNCNMuBl7oxA,5,100,500
397,lI06p86a8stKoXSUPfjtsA,5,100,500
398,Cl5PHhHfOzimUTCWjC5yNA,2,40,200
399,aqMfCbFNeWn1a4Evds83fg,2,40,200
400,Jzth-y32SyvOhJNgbIPTqQ,5,100,500
401,QuybD_bJcAB2CHcpTfREYg,5,100,500
402,CmgNyXaBPsn6hLLtWPL_qg,2,40,200
403,wl0QZqAzr1DelslQ02JGCQ,1,20,100
404,UBQRhqRMW4Sk7kSZvZ1iAQ,1,20,100
405,Gw-ozqLSHoP3BQPKaiXJGg,2,40,200
406,AfN3Z1U6QPEgAb5F2CQm8w,4,80,400
407,HwjhWHbNp56t-dRiv3-wPA,5,100,500
408,LBAkHJJfCoDj9aa5sc0Mxw,4,80,400
409,WN5ON423ZCOy3_4F6XYikA,4,80,400
410,AfN3Z1U6QPEgAb5F2CQm8w,1,20,100
411,NRLsHNbEPpQfaAYS5OLGxg,5,100,500
412,DVhSFWIJKk4Vo8fjy_JfcQ,5,100,500
413,7QSFLU0AGAUqwnQWg3qHqQ,5,100,500
414,lamNK6ivdxNxlCnLu_uqBw,5,100,500
415,IDXSRYKyfVGNGzmlFwLNEQ,5,100,500
416,8PBq-MHyLDrhkaTf72Foww,4,80,400
417,aVkVDJ01OgvNwhlCUz_bng,4,80,400
418,HeoiKMh2aPzWRq5ZQtSb3g,5,100,500
419,IWOQNyRqWrnqQA5K49eK5g,5,100,500
420,-tcJmqzfaeEnpFMAelB7bA,5,100,500
421,dimv16yFu0JXR1n1SAqedQ,2,40,200
422,BbGs3XK0x9NEImer3LQD3w,1,20,100
423,JwWeolTHTWRDdbT0Zb6WLw,5,100,500
424,CaF9FC8GEBfDDbptPgkgBw,4,80,400
425,P69sEJwyoUqjBXiqjkKwDA,1,20,100
426,dnB7SD38_lwiC9E-BJxq-Q,5,100,500
427,9D7h2xfVJrGkkwXDsnfV_Q,1,20,100
428,eHvgW9qj-CsPjWmpckJeiw,5,100,500
429,-s_U95xEEmJu5GK-srqpUA,5,100,500
430,9tayZB1GjSTttFNKo_PMjQ,1,20,100
431,2GmGT-7QjowR1ihup3FbVA,5,100,500
432,ypJMOo1eNGreGMfP6FUcFA,5,100,500
433,GIhzzb9tjqLCYdNP_k3-dQ,5,100,500
434,qX116WMOppAblGKxoQwlYA,4,80,400
435,v8QuF4YX9Bb-qEtKLVPrmA,3,60,300
436,QbtJvTQfTFbPqBhjkI59BA,5,100,500
437,U8rHQ_Sg8A2m291Y7WEfIg,1,20,100
438,9mIm1ef-NVDQHFE39Faxxg,3,60,300
439,zJCbSgXWFWwvKiIRFFuiTA,3,60,300
440,NUhHkT1wfXsTLxt_tWwVXw,4,80,400
441,CX9f_vR0DFEGOpEwFt-jKw,2,40,200
442,HOmUXgWOl37CaLqmrsPwuw,3,60,300
443,QMaaLfedGzNhHz6PZKAUkw,3,60,300
444,-4g68Hwm892_KPUuW5g1_Q,5,100,500
445,q6igRYs2UTO-4nTwlttrAQ,5,100,500
446,_KjKBz_ouqfheB1Buw7yYg,5,100,500
447,QYIhMNwxXejDoCr-F1BxDg,5,100,500
448,SYKIUCvN9JdSkVampgccfA,4,80,400
449,Cwv0Mv70w8fNMd-ApwSnUQ,1,20,100
450,_cA8tCqZgTDQe9EPNmzp4w,5,100,500
451,3jllr8N45pz05Ygaw5ojrg,5,100,500
452,g9oCVqOhR4vg7yvtDaEIkA,4,80,400
453,utoTa3Ngv_oSfB5TIMgN_Q,2,40,200
454,GdPWJo3z4ySEXpF7Wkn3FA,5,100,500
455,Zt4ljpwfmBufatNM1zPNcQ,5,100,500
456,ZvtELJTUOh0yRrPxyyiakQ,5,100,500
457,Sg9R6OwNBq5Zf-kjiVBxuw,1,20,100
458,ZdGWAv90dY81kpKzMLMvvA,5,100,500
459,JzOp695tclcNCNMuBl7oxA,3,60,300
460,DEBqmgxv2yhJ93LqGpKltg,4,80,400
461,1wiv2BvvauMj8hS16UuEYw,4,80,400
462,GIhzzb9tjqLCYdNP_k3-dQ,5,100,500
463,WN3Y6tP5MT1ugE0dzCHQ8g,2,40,200
464,WfKMxqFMDmCj1fhtxDd7rA,5,100,500
465,ZrFqa9sUaF_X8wbNz29Qbw,4,80,400
466,Hr5h_LG9TMBLlFz_Oici0A,1,20,100
467,36cByhAPNsbUIuJ59oUVGA,5,100,500
468,J2WGpC43MJDKxPRAcWx-tA,1,20,100
469,9kjk05G50XWnmJQBz_wcnw,4,80,400
470,Mul_BVwcnhqmp2h_7QFepQ,5,100,500
471,NdRJzLnVLV4ia09F2rWK4A,5,100,500
472,vuHzLZ7nAeT-EiecOkS5Og,1,20,100
473,SWhHaWFuijy_KDs0zVCJog,4,80,400
474,qX116WMOppAblGKxoQwlYA,4,80,400
475,zDyv4CoaYvAgQhgr1IK1sg,3,60,300
476,Cl5PHhHfOzimUTCWjC5yNA,1,20,100
477,tgub8uhOq8qjVrkI5IabkQ,1,20,100
478,MbAsfN3wwV22K7GZsgcBqA,5,100,500
479,rBTlmcEEQka-7cdU6ByrYg,1,20,100
480,DFy8RPRTheb01pQYfeQ1NA,4,80,400
481,ad0LjmuXhUGBxTSkve5LZA,5,100,500
482,ZhjU0FkCIaG43F83TwSN8w,3,60,300
483,prh-RlduJU3z3ynA5lU3Wg,3,60,300
484,V1hH7vAq5wNDo2P3z8zJLg,2,40,200
485,h301hAHfIGqVYIlBzs5EgA,3,60,300
486,Ln_wIiEtyFCXogad7VTLfw,4,80,400
487,zS3-CKZVVvUYvasJnAg-aA,3,60,300
488,AZQKMMvX9m1-uTdLPMzK3g,3,60,300
489,JzOp695tclcNCNMuBl7oxA,3,60,300
490,iPyhXWQ2LVSgBlQA4vqKJw,2,40,200
491,SqL19z7A7LB91RkWWwWvnQ,4,80,400
492,PRbIMseOwPCCRv5C4SfTDQ,2,40,200
493,h-Oq86DZfZad9kKXe8m7Lg,4,80,400
494,IvbVnHO2Y5w4b61rJ5xHaQ,1,20,100
495,EVbEdWYLE9GDpVG97MGw-w,2,40,200
496,jN00dj1opLMyFczkCTptqQ,2,40,200
497,aiX_WP7NKPTdF9CfI-M-wg,5,100,500
498,SIVi2UQp1UT0lMIoqHP0QA,3,60,300
499,3KFWuiz8lla9SospgQn6Yg,5,100,500
500,1_v_fooGLY3FQkO5tH3m-A,3,60,300
501,ndQTAJzhhkrl1i5ToEGSZw,4,80,400
502,Jzth-y32SyvOhJNgbIPTqQ,5,100,500
503,5euk5_UKqnAWcrbOPNYt0g,5,100,500
504,HeoiKMh2aPzWRq5ZQtSb3g,3,60,300
505,ZvtELJTUOh0yRrPxyyiakQ,3,60,300
506,JR2ma-JU1CO_xVD_p5-RPw,3,60,300
507,Bjn-GQg6hoUOkew7tTPcLA,5,100,500
508,fTQra2F9uRDzgDWTaVe1yg,4,80,400
509,jlbP9Yd0AQP8OlcsFkZ4hQ,4,80,400
510,DPZBuTuL7w5MVxsCEyQudQ,3,60,300
511,ILZfAtetYvpp0r0Xs8SoHQ,4,80,400
512,5EIJCSrXLHvM2HEoKCejpw,3,60,300
513,JC6zXzCqnF2s42-Hiq0TRA,5,100,500
514,Md_TTNUkO7U47b3cass4gw,1,20,100
515,wl0QZqAzr1DelslQ02JGCQ,4,80,400
516,d3C5QTYpZCdp2pV1Cq5G_g,3,60,300
517,stPpU3S-OCLZOoxOwgJb4A,3,60,300
518,Hcyj_YtGz1zaxzQbBuu6mA,4,80,400
519,Jzth-y32SyvOhJNgbIPTqQ,4,80,400
520,Mul_BVwcnhqmp2h_7QFepQ,4,80,400
521,py474pAs_QPjv2766jLBLw,5,100,500
522,R1JAHtDMfprLAySXIIAURA,4,80,400
523,prh-RlduJU3z3ynA5lU3Wg,4,80,400
524,PhMfnMldVKXo7HqHw6DSrg,5,100,500
525,-8QlV3b_9H4BAh6LgMIr1g,4,80,400
526,LRnzpnNQWwpN3Bu24W53CA,5,100,500
527,QZJpXx1TbOXqzLx6u6xmaQ,2,40,200
528,Pj9DDbTmjBEKXezLb0qmTw,4,80,400
529,nChi_8Gygb6NUMa_kg_tlQ,2,40,200
530,EveFgxNoHkrs8ncSjkoINA,4,80,400
531,uKKNw68mZZaa1jcyszEbyA,5,100,500
532,EuPaczO6rMpDMrn-GtE_eA,4,80,400
533,kj1p6NwUGROOoqNySf0I1Q,2,40,200
534,neO0lOx9YE3r7SvVkmpS8w,4,80,400
535,ndQTAJzhhkrl1i5ToEGSZw,5,100,500
536,FwZi-ipVOLgq9tJkb3W5Yw,5,100,500
537,wiqTY54WlQVn6LqZASrUUw,1,20,100
538,wl0QZqAzr1DelslQ02JGCQ,5,100,500
539,UZ34XAw1GJ3chCOuKL69Mg,4,80,400
540,jBibtpiC9BlXulZdGevK_g,5,100,500
541,2q2gGuigGrCFmx3juLAVww,5,100,500
542,Xv3d5FLutLgrlNfcQ7gR-A,5,100,500
543,IodEvSRPqtsrGcDIcCADAw,1,20,100
544,hdgYnadxg0GANhWOJabr2g,1,20,100
545,c58gaNROUk3ltUQrpl6OJw,5,100,500
546,EUg6vHQRLHRw39bmompHcw,5,100,500
547,GBuB1uV9NRrtaLxZoVhi7w,5,100,500
548,aghhw3q1j3XI7QB892NqbA,5,100,500
549,GdPWJo3z4ySEXpF7Wkn3FA,5,100,500
550,3a9k2JOlNyOE3GKwwZwfng,5,100,500
551,Gw-ozqLSHoP3BQPKaiXJGg,2,40,200
552,OicSihRji2HmUlv7_4YEBg,5,100,500
553,OMxgLbrSCEU12265nz9JVA,5,100,500
554,POO5_d0RwzjJVhIpN-oulg,5,100,500
555,Yz7rfHjytl6Yn4_PiK2HsQ,5,100,500
556,x2NuIlQgvvl3Wtq8ipZC6Q,5,100,500
557,LJZrIlsx3DTP_y5vp0tKVg,5,100,500
558,mRbwm1Hkg6LjkcX_P3WWZA,5,100,500
559,QuybD_bJcAB2CHcpTfREYg,5,100,500
560,xn01T3wnHhpy7MF1kEFA6w,5,100,500
561,EfymQLarLpPhm2WX7uoVPg,5,100,500
562,GIhzzb9tjqLCYdNP_k3-dQ,4,80,400
563,jlbP9Yd0AQP8OlcsFkZ4hQ,4,80,400
564,R9XSSEzwkmwwwqB76K7s2A,1,20,100
565,6t7mlTVjDA9fhuFAZmVzAQ,5,100,500
566,CO8MpD1bSkBPArXKBKkIfA,4,80,400
567,jArpBM9wonbYrpiQ4Eac1g,1,20,100
568,h1MxTLZ1b2FkU6ituL1yHA,4,80,400
569,2GmGT-7QjowR1ihup3FbVA,4,80,400
570,SvNzj0dE6UMFfp55bIze_A,4,80,400
571,JRZS6COIpVkuXLf0VayFWA,5,100,500
572,ZtxMIWkILccFuGfx28Hx3w,5,100,500
573,5euk5_UKqnAWcrbOPNYt0g,5,100,500
574,VTLKqzjBLf9l7nGJJ0xewg,1,20,100
575,mKf7pIkOYpEhJTqjw4_Fxg,4,80,400
576,jiOREht1_iH8BPDBe9kerw,5,100,500
577,xpd4W43hUtoBYc6dzo-xBQ,5,100,500
578,sNBaDJM4Khm1BbrBRyrMVQ,3,60,300
579,0TBTV3q6QXCn9vNhy3Xi2w,5,100,500
580,Q3G58vv1ClvH4re9QBsVgQ,4,80,400
581,OicSihRji2HmUlv7_4YEBg,4,80,400
582,oVAySgyWYzzmvJpTJ8PO5Q,4,80,400
583,UBQRhqRMW4Sk7kSZvZ1iAQ,2,40,200
584,6C_8Mh4lmLc_QEs3hHleBg,4,80,400
585,Rj3wnYT1QAxpJlRT5mMc-g,4,80,400
586,_YfwjvhsqDPLow4775ZFEg,2,40,200
587,AfN3Z1U6QPEgAb5F2CQm8w,4,80,400
588,CXZTRts90FaJX3D81DQrzA,4,80,400
589,8F-CalsRSKiPjjsx8ql8Lg,3,60,300
590,oLod-GlOLEH4KAvyddKuQQ,3,60,300
591,SGWbqpbGjNjJ51FHLBTlWw,5,100,500
592,sKWZ_tAOVMZoC4Qk8_Bd4A,4,80,400
593,oaOT2G5mIE8yOPZ55RM4cA,3,60,300
594,E_eIph8IT10Uo06ZdWwoUw,3,60,300
595,R-Me-p4Rbb0q-2pjSzyDbw,2,40,200
596,XWiL_1CtBWmd1unCiWj_XQ,5,100,500
597,VGOpZ15XmabMYuxW1J8zqQ,4,80,400
598,IRnQNbsjgVjW28YYiZcJJA,2,40,200
599,QS2kvdgJ-X2cUJrxBWgT7g,4,80,400
600,uLL2uKqYnPAFwBw11LzDUQ,3,60,300
601,YMZy_nGxtJtuQvflM6Ltww,3,60,300
602,VO-p1uczeMbzH8bEAv-RgA,3,60,300
603,Jc2X0JqdBupkOzTPZtbcWA,4,80,400
604,eeDcY3TD89COiaZl7dP34Q,4,80,400
605,pP71Ir_U2uKU10f4vwA7tA,4,80,400
606,l7FP9rg6iyDnjFOnifv7BA,4,80,400
607,3jy3CXO6gVEat4uB-E2msA,4,80,400
608,BLISNIoF179UUfCBTxNUOA,4,80,400
609,oVAySgyWYzzmvJpTJ8PO5Q,3,60,300
610,ZdGWAv90dY81kpKzMLMvvA,4,80,400
611,hmYnzs8-aHbltaOOGDgmbA,1,20,100
612,sKWZ_tAOVMZoC4Qk8_Bd4A,4,80,400
613,U6P56MjLrraN0JBNvOjxaA,3,60,300
614,6C_8Mh4lmLc_QEs3hHleBg,3,60,300
615,YMZy_nGxtJtuQvflM6Ltww,3,60,300
616,NxjUiGBNgyDErKXnmQ3s3w,4,80,400
617,pHpU8lnnxMuPWRHOysuMIQ,3,60,300
618,zUgDrRtGvK5ZTFlHCsTHwA,4,80,400
619,BTf8sELl1TjovRc0f-tgJg,3,60,300
620,qlCmHxsQ_9jsV88Fg8gWag,5,100,500
621,Zw9wEAk9L6oTZi63f4zVvA,4,80,400
622,W9NUdpRX7gLXHLM2-NeKeA,1,20,100
623,Z3GVMJuFuGhf3rweIayJ9w,3,60,300
624,zUgDrRtGvK5ZTFlHCsTHwA,5,100,500
625,NxjUiGBNgyDErKXnmQ3s3w,5,100,500
626,V1hH7vAq5wNDo2P3z8zJLg,5,100,500
627,Jzth-y32SyvOhJNgbIPTqQ,4,80,400
628,1hkksm102yQY1DyfTPSzmA,4,80,400
629,BTf8sELl1TjovRc0f-tgJg,4,80,400
630,w57TpTKCHN47Cgtajm7_KA,5,100,500
631,zaOer9HLHFkWUd2_Fi3rrQ,4,80,400
632,0pMsVlUu_MbFqmvbA8F79Q,4,80,400
633,hVC6E29dg5Rx4ADSxt3kTA,2,40,200
634,ZhjU0FkCIaG43F83TwSN8w,4,80,400
635,Mul_BVwcnhqmp2h_7QFepQ,5,100,500
636,3ky17eHU-4gSl3knpI__-w,3,60,300
637,lDUMAAO00YSmMO6h_9YLCg,3,60,300
638,4Iak803d4fyY358jSMRasg,4,80,400
639,U6P56MjLrraN0JBNvOjxaA,4,80,400
640,Wnq5to0-jXyh0-_jRZ6VOQ,4,80,400
641,HjXI6lKGPVNQ8dYJPtaOCg,4,80,400
642,TgmATA24L3CTDn98c24RAQ,2,40,200
643,E2n2pVPq9oaPof6VYeFiwA,2,40,200
644,RbFLWFg6TQpq0kKhAr6B7Q,2,40,200
645,mKf7pIkOYpEhJTqjw4_Fxg,4,80,400
646,WPUf-Eo6PHxDNqPygahiUA,5,100,500
647,G7Ull-QUaNXyPwtEErHZ8g,3,60,300
648,fquV3OV8sR27kifYolHn_w,4,80,400
649,SurnOSM2bVVN4-Js3G23RQ,5,100,500
650,H94fBucKEuNKsjbSy7WODg,4,80,400
651,YGaowC1J4GfkQYyYLYWnQQ,3,60,300
652,fDDL7yxkCs1qniw0PzVT1Q,4,80,400
653,fZM_o3kKZ9mR-1pvBeow8A,3,60,300
654,wl0QZqAzr1DelslQ02JGCQ,5,100,500
655,9mIm1ef-NVDQHFE39Faxxg,3,60,300
656,5EIJCSrXLHvM2HEoKCejpw,3,60,300
657,OoYwJANV9zD-_OA4Atu-gg,2,40,200
658,IB94L7whVPjcFLoCxhNfhw,3,60,300
659,TRVxECjXtoqqsM7PYUKmIA,4,80,400
660,DPZBuTuL7w5MVxsCEyQudQ,4,80,400
661,EHgGscaiJBghjZVT9hsBFw,2,40,200
662,E9quMjGRkDgRYh6SVTaHOw,2,40,200
663,Z2L0j0MZ9m0IwaWmcvnxGQ,2,40,200
664,2Ne7F6TMuUdRUGhyjj7abg,3,60,300
665,zUgDrRtGvK5ZTFlHCsTHwA,5,100,500
666,g5l4vrFN03ob_zDDztDDjA,1,20,100
667,y45zdBlXT0Mr0gEfYOzXlw,5,100,500
668,nhOCUUgFa1izAiWVKAxhCQ,5,100,500
669,5idlmsT1O86_ywGJtqot5w,1,20,100
670,-8QlV3b_9H4BAh6LgMIr1g,4,80,400
671,puQ2WGO0L2KvKqNQCJYZRw,5,100,500
672,0xfVubbU3z8O2NcuEYSQNg,5,100,500
673,szhHLNACFt74BtdSY3mDeg,5,100,500
674,rf7Y2pBQOgQtf2UsJjQSug,4,80,400
675,dqUihMM3SFPJ9GE-3bAlpQ,5,100,500
676,vJvEKFtQ8Am95tWEkiwOGA,5,100,500
677,0TBTV3q6QXCn9vNhy3Xi2w,4,80,400
678,ELUUibdDcrZHyvE-e-QsVw,4,80,400
679,zT45hBptOygpgCddHZRsjA,5,100,500
680,T1tvWywCdTv8YiK-r_roLw,5,100,500
681,tWiFat101ID5w_wgAPMXhA,5,100,500
682,0TBTV3q6QXCn9vNhy3Xi2w,5,100,500
683,sNBaDJM4Khm1BbrBRyrMVQ,4,80,400
684,IRpZS7EmmBeSM7oBnDd5iw,5,100,500
685,qUMPCi_h3mkrmCBUhXP4qw,4,80,400
686,GIhzzb9tjqLCYdNP_k3-dQ,5,100,500
687,pP71Ir_U2uKU10f4vwA7tA,5,100,500
688,tsSJtuCbAGIYo01rUoygtw,5,100,500
689,AfN3Z1U6QPEgAb5F2CQm8w,5,100,500
690,-IZvuqxekWEvJqDw308daQ,1,20,100
691,PRbIMseOwPCCRv5C4SfTDQ,1,20,100
692,IK1XaujWC-znIGaVE0tbBA,1,20,100
693,wopyolJM2hOAt3dPRmahNA,2,40,200
694,gONNfEoNaRLNtgaAcxwsLQ,4,80,400
695,tWiFat101ID5w_wgAPMXhA,5,100,500
696,2VdCHCPFzow7zcBSaPMbKA,4,80,400
697,6gFcUhaYdinTbIhO2pcvdg,1,20,100
698,TT4XW2WMG0PNyUIFBIINuA,5,100,500
699,tPaweigPsXacvQT8daYT4g,5,100,500
700,bEEIrHfXCiqCix6zG5IRqA,5,100,500
701,UBj-25LU5dxJ9meb-TPc9w,5,100,500
702,GIhzzb9tjqLCYdNP_k3-dQ,4,80,400
703,LRnzpnNQWwpN3Bu24W53CA,5,100,500
704,fQclKmk5G2_g98cDNPvj0g,1,20,100
705,BTCyGInJYzRTQVBhZvC9qw,1,20,100
706,fgpqBO-7oF49LzIuNDT5_g,5,100,500
707,VtmNIqIxPNiOcp9J5e4xqw,2,40,200
708,RN0PTeMSF_eaeXN6VV7RwA,3,60,300
709,CRVtzesMuwHK-phmS_ojaA,4,80,400
710,HjXI6lKGPVNQ8dYJPtaOCg,5,100,500
711,hRL_qCrcu9UL773su0QabQ,3,60,300
712,4K5NUsinIgtq-yuxdp2HdA,5,100,500
713,4fbH3Yr1D5r5-QD-HReDlg,5,100,500
714,B5Ik1CENjyUnmb3hGotsuA,5,100,500
715,v8QuF4YX9Bb-qEtKLVPrmA,1,20,100
716,kXs6bmFzB6s_BBVkx_2VEA,5,100,500
717,5J1SoLkAM2zAOKqrRB7rCQ,5,100,500
718,wa8QgXQu1ZxwPgdRl9lYlg,5,100,500
719,fTQra2F9uRDzgDWTaVe1yg,4,80,400
720,QuybD_bJcAB2CHcpTfREYg,5,100,500
721,XvTBQotmJpVPjPNaMM7qLA,4,80,400
722,ZHQU79PMUGCX0fEoyCcWlw,4,80,400
723,vhIJ91MDgUuk4Cr9Kpj1Nw,1,20,100
724,utR8Ei5_c2CRAIffpYtdZQ,5,100,500
725,fSJFRzOF92gBuJ2ePitCEQ,4,80,400
726,OD09pm-MzynigAvD5KoGPA,4,80,400
727,366FaRQ1MWEHBhaEKTcriQ,5,100,500
728,nDR44qJoC2NZwhy0RcIS_w,5,100,500
729,xMJc28b9WxFZVedLzrNhvQ,5,100,500
730,Y8tLwAVO1thFRjVgt0TZ0A,1,20,100
731,366FaRQ1MWEHBhaEKTcriQ,5,100,500
732,-8QlV3b_9H4BAh6LgMIr1g,5,100,500
733,Ec8fKdO0oxZNOCeG2ThwpQ,5,100,500
734,hw_KHdAfqpj2_rtomBlmxg,1,20,100
735,-tcJmqzfaeEnpFMAelB7bA,3,60,300
736,X167A2IScyfPY8B8UBb34g,5,100,500
737,bkapAjFTCxa8gEV51cI6ng,5,100,500
738,LWvrTFkCSLPGldJqccGHhQ,5,100,500
739,ZDoqO7cSDoWGNi-8OV2-Ew,1,20,100
740,Yz7rfHjytl6Yn4_PiK2HsQ,5,100,500
741,dEi4_bO8ydNHgcRNKV8q6g,5,100,500
742,fDDL7yxkCs1qniw0PzVT1Q,5,100,500
743,C2XhRIxtylJO1XfC54f6oQ,4,80,400
744,HjXI6lKGPVNQ8dYJPtaOCg,2,40,200
745,wl0QZqAzr1DelslQ02JGCQ,5,100,500
746,OoYwJANV9zD-_OA4Atu-gg,1,20,100
747,1wiv2BvvauMj8hS16UuEYw,1,20,100
748,scKBZXRbjbUOUX2prVrWVQ,4,80,400
749,vXE5FtU4RXUemkjXYjUXWA,5,100,500
750,R9osrGLOriBmKbYwXpWvdQ,5,100,500
751,HFyMS_9yLaYN7GIcXzcboA,1,20,100
752,1UweGrt6mgiTCfsmLMiUxg,3,60,300
753,_TfOkj6pt11O3ZwCv27MvQ,5,100,500
754,AfN3Z1U6QPEgAb5F2CQm8w,5,100,500
755,yVLbAdSQQURBNWsJIxzmfw,2,40,200
756,wkqoo1p4XrEJv_VzNQiZAA,5,100,500
757,tWiFat101ID5w_wgAPMXhA,5,100,500
758,kj1p6NwUGROOoqNySf0I1Q,5,100,500
759,Yoc9_4sv6AT1AIohPPiGbA,3,60,300
760,yet0Pww_ouW49T7V41ecSw,3,60,300
761,pApEPv1-ApXee4GYYMB5AQ,5,100,500
762,x_SK4kvfWdCDDBmA_ErxqA,5,100,500
763,hAioxEk3WU-SzlqIM4TI7w,3,60,300
764,EuPaczO6rMpDMrn-GtE_eA,5,100,500
765,wl0QZqAzr1DelslQ02JGCQ,4,80,400
766,W9NUdpRX7gLXHLM2-NeKeA,3,60,300
767,WBxR9IC6E9-4szNzq7_Y3Q,5,100,500
768,hRL_qCrcu9UL773su0QabQ,3,60,300
769,JR2ma-JU1CO_xVD_p5-RPw,3,60,300
770,068SDTbi41-7CkR-r2guiA,1,20,100
771,azjE04y7QcqmpnJH2ldDZQ,1,20,100
772,LIIBIP8HedzuM3Ym5Pcvyg,5,100,500
773,Zrn5WtnkH2QXfHKd5Loomw,1,20,100
774,_UfEWbhEphABjkDHCbqe4w,5,100,500
775,SOwXfqwUr6NWmbBS0tx_GA,5,100,500
776,vBV5IbpTgUKuu2HlneE2NA,5,100,500
777,366FaRQ1MWEHBhaEKTcriQ,5,100,500
778,AJ8DDFm6QaihAPZI3wFBHw,2,40,200
779,7ktiaN-J40HFwznCMpOjDw,5,100,500
780,Ly_z24Lvt5592TDSMQ0KHQ,5,100,500
781,DEF5yv_BfLzmzPKwySb23w,4,80,400
782,bRaszmMXirJWLdK2N0q3UA,5,100,500
783,HJLiVxuvtN0n73BASSZKoQ,5,100,500
784,5ypkaiDcybqchiuviIes3g,2,40,200
785,Wg8MoazR1yW9xbAr2jR8Nw,5,100,500
786,5SJIUeayoebPjCaSasfWZA,5,100,500
787,hRL_qCrcu9UL773su0QabQ,3,60,300
788,SurnOSM2bVVN4-Js3G23RQ,5,100,500
789,WWqdy9PKOSyhLgHIGaNFrA,2,40,200
790,Se9dkAqNfBoOoAbKT0LEsg,1,20,100
791,Tp5bR1WX1C8g74rYRR_AIQ,5,100,500
792,9SFLWjb1wmEPJED6EDYUkA,1,20,100
793,XUwYk6EAIdh3pNPgWsdiEA,2,40,200
794,zT45hBptOygpgCddHZRsjA,5,100,500
795,rxb_aoT1B0pHvzcV685QFA,5,100,500
796,6W20fKnjqPTSU2irnSVmSQ,4,80,400
797,sZf_KrF9ZLC7z4jiLGgVOw,4,80,400
798,uKKNw68mZZaa1jcyszEbyA,5,100,500
799,YBH3_70G7a7O80FR5d6ZTQ,5,100,500
800,2oZnvLm6SEYDv_lBvFW1Zg,5,100,500
801,GUVfoORQiLODnXGVIEn7yg,5,100,500
802,sArY4vj_AtHLZoKHscD4ew,5,100,500
803,GqHbCfeLISeke9boLt7zyw,5,100,500
804,JclZSwGl5SEvwPd-4RszPQ,5,100,500
805,vhIJ91MDgUuk4Cr9Kpj1Nw,1,20,100
806,EPl7JxQTLmXbk9GdWeXgVA,5,100,500
807,8l9IhlS1FY0zdh091UC3Kw,5,100,500
808,XpnkPS-56dYTdjwC8RRLuw,2,40,200
809,vK1_qKEG7zHvjiTOsN0CRg,4,80,400
810,x9p1WdRz7FSRy0Q38PiGlA,2,40,200
811,hH36Av7cncv499KS3kjcXg,5,100,500
812,eUw1rm2UBbpMQ3Vi5okzPg,1,20,100
813,qPc_J2M56_hBHvqpncNVfQ,5,100,500
814,Oh66jkE6zCIIBDSEBwz0Cw,5,100,500
815,UY13CTgUqriT-fMxT2APLw,4,80,400
816,ZXcKHmf-QxjYq2zVqN5UYg,5,100,500
817,-s_U95xEEmJu5GK-srqpUA,5,100,500
818,4uZkUUbl6dr_bjmS2QNnbA,5,100,500
819,pApEPv1-ApXee4GYYMB5AQ,5,100,500
820,-8QlV3b_9H4BAh6LgMIr1g,5,100,500
821,-tcJmqzfaeEnpFMAelB7bA,4,80,400
822,zsq3pzBUTf8QZAChHN2urQ,5,100,500
823,YYF4OrDT4GYQ9zLxmXdYKw,5,100,500
824,hI6xuH392R9zfTeQe3cO3Q,5,100,500
825,l8X3I6h4EdDR-Fv_KV8joA,5,100,500
826,6t7mlTVjDA9fhuFAZmVzAQ,4,80,400
827,l9B72QwKjUhEA-pLumCa5w,4,80,400
828,qOd7QUh-sIB7zN7RbP1-qw,4,80,400
829,9opBpj_d1TCv_J41dAUhBw,4,80,400
830,Wdz6G6q7WeTaJ8m-YtsSdg,1,20,100
831,2GmGT-7QjowR1ihup3FbVA,5,100,500
832,H94fBucKEuNKsjbSy7WODg,5,100,500
833,n2unS6CwXs2WeGbT7Cyv9w,5,100,500
834,0pMsVlUu_MbFqmvbA8F79Q,5,100,500
835,4DtjA7EoxUSyWiXEuElPVA,4,80,400
836,WWqdy9PKOSyhLgHIGaNFrA,1,20,100
837,hIgGkG1JnHX4xmVuOgegDw,4,80,400
838,N1kWsUy-JO9YnYeHNDc-cw,5,100,500
839,V_2-bxKWfVkOrO9ym7rMjg,5,100,500
840,5SJIUeayoebPjCaSasfWZA,5,100,500
841,AbnpKkW0mpv34jtRps4C0A,5,100,500
842,wl0QZqAzr1DelslQ02JGCQ,4,80,400
843,O3PiNOj1vv5dCCywdw3_og,1,20,100
844,jqgdPl6C5TMic5001TCY3Q,5,100,500
845,UY13CTgUqriT-fMxT2APLw,5,100,500
846,SWhHaWFuijy_KDs0zVCJog,3,60,300
847,3genf54wZ38pMyax6TRevQ,5,100,500
848,DaVnpKqjOaYNHQ1UYOpqow,5,100,500
849,XXvZBIHoJBU5d6-a-oyMWQ,5,100,500
850,hmYnzs8-aHbltaOOGDgmbA,2,40,200
851,e4h-sBBD70pn1RuAv_Q61w,4,80,400
852,ZARxy5Orzk9Ocay0IkU_-Q,4,80,400
853,eVUmrTEqZeTKLdCS0Xf5tQ,3,60,300
854,AT11KKh8xkmz2sRLZpzIxw,5,100,500
855,ioY-a1TntpsAGJAG5_1Zyw,2,40,200
856,v_FSmMbFHbsJS8G-fqx6Sg,5,100,500
857,uO81UPtXJK9L0s1rOkwMjQ,1,20,100
858,KXGkJy-s9W1re2sXqSqoiA,1,20,100
859,SurnOSM2bVVN4-Js3G23RQ,1,20,100
860,0FgFNbsWQs2kYuYaWHSIYw,5,100,500
861,AfN3Z1U6QPEgAb5F2CQm8w,3,60,300
862,IWOQNyRqWrnqQA5K49eK5g,5,100,500
863,aqMfCbFNeWn1a4Evds83fg,4,80,400
864,FN6tpn3KMTsrcGpDZzVezA,1,20,100
865,XGMpMJ94OyHmAYRVMdEnGQ,5,100,500
866,wjZMgmD-zljbJz8rBHzLqw,5,100,500
867,f-7sTbx8u7c9t1-r_Fdoow,5,100,500
868,ugLQ5AP7pSrCb0uMhS-UXg,2,40,200
869,fXqlzAM6PTXUGrU4y33LzQ,5,100,500
870,1uCoWygbmehTJP8Su_3QVA,1,20,100
871,J5daYIrc-WnihJ5H9lyJmQ,5,100,500
872,PQTtKaBK_WdvLm-zp4fQ1g,5,100,500
873,O_cvS8uAocco3R3Pg9np-g,5,100,500
874,Zt4ljpwfmBufatNM1zPNcQ,5,100,500
875,n1AWiP49A5ROroNnbtm0ow,4,80,400
876,DKusRJUxgsye1cdrlGgQOg,5,100,500
877,Nh5gWjOzKQOb8kSq48uaoA,5,100,500
878,ILZfAtetYvpp0r0Xs8SoHQ,3,60,300
879,UJb1PrUWDFfuzwUPc1pP4Q,4,80,400
880,SurnOSM2bVVN4-Js3G23RQ,3,60,300
881,lWjA_Cv3H-yD8akIXLpt8A,2,40,200
882,ndQTAJzhhkrl1i5ToEGSZw,5,100,500
883,jns_WfCyWfMSQOOxEfo5_g,5,100,500
884,mQiBgd-9GzQUTmqzfKdPfg,5,100,500
885,GIhzzb9tjqLCYdNP_k3-dQ,5,100,500
886,lamNK6ivdxNxlCnLu_uqBw,5,100,500
887,aVkVDJ01OgvNwhlCUz_bng,2,40,200
888,tL9003ETHUAcHF-eaDQd1Q,1,20,100
889,iBihgoxc6Ot7m2D4D3z0QA,3,60,300
890,4xkjmpgUNJdwQo8FKIYp6Q,3,60,300
891,XvTBQotmJpVPjPNaMM7qLA,5,100,500
892,hq17ShjPKHnGn5DGnHrsXw,4,80,400
893,XXQEEaYFhW_RAMd3WzGmjw,1,20,100
894,2rLuOMi6Q6zzqUU8ltreSA,5,100,500
895,LIIBIP8HedzuM3Ym5Pcvyg,5,100,500
896,AfN3Z1U6QPEgAb5F2CQm8w,5,100,500
897,D6RDpCS1lfgZdPuLHlpsHA,1,20,100
898,aoRj9T9roxt7K_Pgqvln3A,5,100,500
899,qBvBYX-9HMbZvMB8x5JSzw,5,100,500
900,w4CqCGPubjKRpNsBsW7W9g,4,80,400
901,nW4UcZHFbmKgTTkmN1vx5A,5,100,500
902,PRbIMseOwPCCRv5C4SfTDQ,5,100,500
903,AfN3Z1U6QPEgAb5F2CQm8w,4,80,400
904,W9NUdpRX7gLXHLM2-NeKeA,3,60,300
905,oGlIOWdOcAkq4_8IShjQgA,5,100,500
906,429gUSGErbzig8xgf_LB4w,5,100,500
907,LjTK9yifZBHgj2HZn8Znww,1,20,100
908,zmpH9eQnahsW702YPVUzpQ,5,100,500
909,oFseXpQzaAE3_Fco0fsMDQ,1,20,100
910,U2W22Vy1oSs4G7W-2vdQ4w,4,80,400
911,-8QlV3b_9H4BAh6LgMIr1g,5,100,500
912,K3A2k19HhFwh00u7jAvIsQ,1,20,100
913,XvTBQotmJpVPjPNaMM7qLA,5,100,500
914,jk5q1HemVf7ryFObf1pDmw,1,20,100
915,uKKNw68mZZaa1jcyszEbyA,5,100,500
916,FQlaetp-MdewsWwt6iby8Q,5,100,500
917,qOd7QUh-sIB7zN7RbP1-qw,5,100,500
918,vK1_qKEG7zHvjiTOsN0CRg,5,100,500
919,iRCgRxw33qEg4GlKcFpKvQ,1,20,100
920,3KFWuiz8lla9SospgQn6Yg,5,100,500
921,oSxApRzEpA9lvue52ZSecQ,5,100,500
922,riM-pBsdqRRVXtAVbLfsxQ,4,80,400
923,p_xIP8gXFhAVCjftc3l9dA,5,100,500
924,kC724vu3KdP_6QqiqbNAog,5,100,500
925,i631pRlq0u29VvaMshW67A,2,40,200
926,Ti_ic3yDOlc_jeyBvf_MOg,5,100,500
927,t61eGISz7qMOxEe7o3vwEw,4,80,400
928,SnpFUqKG6ZjurXYq5wZU_g,5,100,500
929,-s_U95xEEmJu5GK-srqpUA,1,20,100
930,IUTU_8qM7M8j9A1TbmMjYA,3,60,300
931,SqL19z7A7LB91RkWWwWvnQ,5,100,500
932,wl0QZqAzr1DelslQ02JGCQ,5,100,500
933,krkgXOMQ4rUCkFn43gvnSg,5,100,500
934,ZMp18tQQTjloj0pKSdENBw,4,80,400
935,na8sI8XoJSmPhiQ3MXsHSQ,4,80,400
936,ugLQ5AP7pSrCb0uMhS-UXg,5,100,500
937,6t7mlTVjDA9fhuFAZmVzAQ,5,100,500
938,NxjUiGBNgyDErKXnmQ3s3w,5,100,500
939,NN5WoxeBHCwyfeopeS9hJw,5,100,500
940,VGBSw_36OQLh1b9SwUyW1g,1,20,100
941,yet0Pww_ouW49T7V41ecSw,5,100,500
942,lOW5kH6nHVOYfmoAfpWvHw,2,40,200
943,aiX_WP7NKPTdF9CfI-M-wg,5,100,500
944,Dz5NDfPpXcID1qJbEfre4g,5,100,500
945,_uMRu3765QYo0Qg1z1LKqw,5,100,500
946,4jm-et6RMcjOkmrC_IcuCg,3,60,300
947,H94fBucKEuNKsjbSy7WODg,3,60,300
948,3JnO3AEqRD8DbXkWP-gTFw,1,20,100
949,Ssk38csnsCmFpdewUxxVZQ,5,100,500
950,a_F_cD6n4UXT-jIo7kqAlg,1,20,100
951,7jhZtZjKc-uKOWsC8z7r3Q,5,100,500
952,fckUjXz1GKpafT4x7-MVJA,1,20,100
953,614VPl1kNHVG3Cc98w585Q,5,100,500
954,5FIOXmUE3qMviX9GafGH-Q,5,100,500
955,pVm4vDDX6lhQKROqOox15g,4,80,400
956,tamr4J75GguGhF1hm1wEaA,1,20,100
957,5EIJCSrXLHvM2HEoKCejpw,2,40,200
958,E_eIph8IT10Uo06ZdWwoUw,3,60,300
959,euhSHOJzcYrff3B6F-okkw,5,100,500
960,TT4XW2WMG0PNyUIFBIINuA,2,40,200
961,GIhzzb9tjqLCYdNP_k3-dQ,4,80,400
962,BTf8sELl1TjovRc0f-tgJg,3,60,300
963,Mul_BVwcnhqmp2h_7QFepQ,5,100,500
964,RbFLWFg6TQpq0kKhAr6B7Q,1,20,100
965,PRbIMseOwPCCRv5C4SfTDQ,2,40,200
966,DTvcpHf2gGKgSujUVXA7sA,3,60,300
967,VfX7rhtX03yNg56ISz8gVQ,2,40,200
968,Q3G58vv1ClvH4re9QBsVgQ,4,80,400
969,Jc2X0JqdBupkOzTPZtbcWA,4,80,400
970,jiOREht1_iH8BPDBe9kerw,5,100,500
971,XvTBQotmJpVPjPNaMM7qLA,3,60,300
972,o56LV-WnalGB0URVvoOh4A,4,80,400
973,zT45hBptOygpgCddHZRsjA,5,100,500
974,KMYLwjpx6cjanynnc4mJvw,2,40,200
975,8MLkBZY6whYC0rpGIfmqbg,2,40,200
976,L9qDnDHSnINNjePwrJz-uQ,3,60,300
977,IM5dPxctFkpQDkwYyHQx6Q,4,80,400
978,jk5q1HemVf7ryFObf1pDmw,4,80,400
979,_5BaYz2A3l2SJvA9Hv6POQ,4,80,400
980,DV9hrCAKTx9D932ZOd8t8Q,3,60,300
981,3jllr8N45pz05Ygaw5ojrg,4,80,400
982,KKRG0UUeGwaYxzi6Hg86TA,5,100,500
983,LxNoSrtJYB7HvP5I-8p-Ow,3,60,300
984,DVaTciFGcCXLHTufHZM4_A,4,80,400
985,sArY4vj_AtHLZoKHscD4ew,3,60,300
986,W4LRU508M_TRjShk8lqVyw,4,80,400
987,8F-CalsRSKiPjjsx8ql8Lg,4,80,400
988,r8hVqm9DeasZ0Bf2KMhbeg,3,60,300
989,dEq4Yj50tWOSzxqXloahsw,4,80,400
990,ogWjp5Ys4fQoDUOU9r7kAA,4,80,400
991,ZUz_qc4z8bTOGUoa644eQQ,3,60,300
992,jlbP9Yd0AQP8OlcsFkZ4hQ,4,80,400
993,YYZGRUCevWS41VZFxp4rrA,4,80,400
994,VcDKXH8PsnrccsotD60e9g,3,60,300
995,awPIH7K4WA5BKJfiQlZcow,3,60,300
996,T-0707ku9Ovt-Y8fLA2TrA,4,80,400
997,jbwyl98wXrEKDkgFz2PiwQ,4,80,400
998,n43SvzsYHO_4UTC_QwrZKA,4,80,400
999,uO81UPtXJK9L0s1rOkwMjQ,4,80,400
1000,AbnpKkW0mpv34jtRps4C0A,5,100,500
1001,Mul_BVwcnhqmp2h_7QFepQ,3,60,300
1002,ckbxCijGN-zUK_QmCPoGcQ,4,80,400
1003,2ktKjN5z8EcqmUv6EDiDgA,4,80,400
1004,riM-pBsdqRRVXtAVbLfsxQ,4,80,400
1005,ZhjU0FkCIaG43F83TwSN8w,3,60,300
1006,_9SDJqTh8z0t3WZmVvbnYA,3,60,300
1007,4fbH3Yr1D5r5-QD-HReDlg,5,100,500
1008,V7DO6iLsHZnR7qS-FZMj6w,4,80,400
1009,YZGAUc8CaWWc6ICSfeecoA,4,80,400
1010,iikAHVLZrZn7Zy1aEPD25A,3,60,300
1011,AtSEe-B2mFmLFHBf4PLTrw,4,80,400
1012,Es9EveyTloWGdgV0XFzDNQ,5,100,500
1013,-cBQKodqi77Q0vk-9iDvQA,3,60,300
1014,tWiFat101ID5w_wgAPMXhA,4,80,400
1015,K3A2k19HhFwh00u7jAvIsQ,5,100,500
1016,0jyyijQ1EsVMMHB2x_GJyA,5,100,500
1017,Ffzhzidm9OesdEzR-MLuwg,4,80,400
1018,OAWBoum2byFC-GfARO2bfQ,3,60,300
1019,krAgdtJ-2CcNGpuwKCbt9A,4,80,400
1020,ZvtELJTUOh0yRrPxyyiakQ,5,100,500
1021,VJz2DcvX47i-wqlQ0mQEzQ,3,60,300
1022,lx_HJMFpKEZW-e9_-LyuQg,4,80,400
1023,3wGsvZj5-_YtM-4D4JndDQ,4,80,400
1024,YmOWkved7K8q3eXgf4NNnA,5,100,500
1025,fE9SP84G6TZrv36FLbCy7w,4,80,400
1026,QuybD_bJcAB2CHcpTfREYg,5,100,500
1027,bZ3-_GQZkHv5YI_zzqLNWA,5,100,500
1028,fBxDUu5ftmNHbbX5qD_FcA,3,60,300
1029,ILZfAtetYvpp0r0Xs8SoHQ,1,20,100
1030,momjERcb6G6ienrfPuNArw,4,80,400
1031,AUhevEi21Aqu-ISgaTcv6g,4,80,400
1032,tklfNgU6O12PyN6Ss8r8nQ,5,100,500
1033,fKRKE4XQzOCgddSSQAESTQ,5,100,500
1034,fE9SP84G6TZrv36FLbCy7w,5,100,500
1035,pwIRcdI4fqIryZ5UEobzDA,5,100,500
1036,LRnzpnNQWwpN3Bu24W53CA,5,100,500
1037,WCE7YEBV_jOk-KaIEndrGg,4,80,400
1038,aLMPefURoeWLDThyik_f6w,1,20,100
1039,3IVCHZaMILY5LZMi-tpCJw,5,100,500
1040,0k_Ax1rXz2lq6p2OThlOUQ,5,100,500
1041,xhBEkI7MfrW1RZxfDAI7SQ,1,20,100
1042,4K5NUsinIgtq-yuxdp2HdA,4,80,400
1043,HutsUcVbARYK_ye7lGtKhg,1,20,100
1044,JYQlHeAyVLmxdQfxDD4kFA,5,100,500
1045,JBZzE2ZJe7l0iEwQLjCJzw,5,100,500
1046,vGRgynaquP7CNZIxNYmYrw,5,100,500
1047,NXU5CcXh2y0Ns5OJQ2wkgg,1,20,100
1048,tL9003ETHUAcHF-eaDQd1Q,5,100,500
1049,I3SNxHwSCuIrUMzCZJy0bQ,5,100,500
1050,K3A2k19HhFwh00u7jAvIsQ,5,100,500
1051,8B1TIuaqhaZ7QMEhDUu-Gg,5,100,500
1052,CoHa0hNT2hsL8RrbocYJdw,5,100,500
1053,Wrd9LAbc8IOoAS5H6uw9sw,5,100,500
1054,D3ehpx1uKG5aLuaJgztYDg,5,100,500
1055,-KsER702IEQF7QOXANuAIg,5,100,500
1056,2lYMhZL2oHUpOQ2KjR5aJQ,1,20,100
1057,SnpFUqKG6ZjurXYq5wZU_g,5,100,500
1058,uHL42yafZRYWHfQ2uaS2uQ,1,20,100
1059,ocLr5R3t3jk5fu2ITqOnLw,5,100,500
1060,JKEIo6UuQBoshtaBgk6FxQ,2,40,200
1061,1C0dvufJgfKrDFfdsxai4g,1,20,100
1062,4fbH3Yr1D5r5-QD-HReDlg,3,60,300
1063,ACb637NG7EnswRs8U_BX_w,1,20,100
1064,5EIJCSrXLHvM2HEoKCejpw,4,80,400
1065,gVEJPnEuy3wf0EA5OJEXGw,5,100,500
1066,UBQRhqRMW4Sk7kSZvZ1iAQ,4,80,400
1067,3vta1BSPwdSulcCFMpBjDw,4,80,400
1068,RN0PTeMSF_eaeXN6VV7RwA,1,20,100
1069,sahppzQJ0HtvMC7L8ILTVg,5,100,500
1070,pdr6U7qSa9jIivVy_glF-w,1,20,100
1071,pApEPv1-ApXee4GYYMB5AQ,5,100,500
1072,Mul_BVwcnhqmp2h_7QFepQ,4,80,400
1073,OicSihRji2HmUlv7_4YEBg,5,100,500
1074,UUEipaG_KEtLc9YqgZxY7Q,3,60,300
1075,-8QlV3b_9H4BAh6LgMIr1g,5,100,500
1076,vK1_qKEG7zHvjiTOsN0CRg,5,100,500
1077,3wGsvZj5-_YtM-4D4JndDQ,5,100,500
1078,QYIhMNwxXejDoCr-F1BxDg,4,80,400
1079,JzOp695tclcNCNMuBl7oxA,2,40,200
1080,TRVxECjXtoqqsM7PYUKmIA,1,20,100
1081,JzOp695tclcNCNMuBl7oxA,3,60,300
1082,tduDcM1hWHPeyQ9SRPTQmQ,1,20,100
1083,p4KtWurOF5MgWipav08Jpg,5,100,500
1084,QNraL-gIxGAeXY2bNqTDdQ,5,100,500
1085,jhnyhUR9so9OMc0ngrQIZw,5,100,500
1086,BAPEDmIhR7V-LNNvWpJcHw,5,100,500
1087,U6P56MjLrraN0JBNvOjxaA,4,80,400
1088,nW4UcZHFbmKgTTkmN1vx5A,5,100,500
1089,momjERcb6G6ienrfPuNArw,2,40,200
1090,5FIOXmUE3qMviX9GafGH-Q,5,100,500
1091,drbFGv7CoLDH2OheDUwUQA,1,20,100
1092,Jzth-y32SyvOhJNgbIPTqQ,4,80,400
1093,Xwf022IffmZPq6V25iomDg,5,100,500
1094,WfXBS8eJP4GGXVTCIIbnkQ,1,20,100
1095,GdPWJo3z4ySEXpF7Wkn3FA,5,100,500
1096,ACb637NG7EnswRs8U_BX_w,1,20,100
1097,Mul_BVwcnhqmp2h_7QFepQ,4,80,400
1098,JzOp695tclcNCNMuBl7oxA,5,100,500
1099,wl0QZqAzr1DelslQ02JGCQ,4,80,400
1100,1wiv2BvvauMj8hS16UuEYw,5,100,500
1101,OoKNxTMu5YAaNgQKQ4SrzA,5,100,500
1102,AfN3Z1U6QPEgAb5F2CQm8w,3,60,300
1103,MnacJ69mthATr8bwImvdTQ,5,100,500
1104,QYIhMNwxXejDoCr-F1BxDg,5,100,500
1105,KfxPrJ5PzgFRm2XltnbBLQ,1,20,100
1106,sNBaDJM4Khm1BbrBRyrMVQ,5,100,500
1107,qw4tcaoZqWSl-jSoCRZzOw,4,80,400
1108,FtLibezRe7HsT13BLpR-Dg,4,80,400
1109,TT4XW2WMG0PNyUIFBIINuA,2,40,200
1110,Rj3wnYT1QAxpJlRT5mMc-g,3,60,300
1111,8F-CalsRSKiPjjsx8ql8Lg,3,60,300
1112,pdr6U7qSa9jIivVy_glF-w,4,80,400
1113,-krioyG0QCtBH81hU56Ghw,1,20,100
1114,NEfnmr0PfdRlVFmo2GRSgQ,4,80,400
1115,21fK0m8sQFbRQv3RlskE2w,4,80,400
1116,xxo0GsAFxQzUGStmCG6jWw,4,80,400
1117,Nm-45TlwfszqbJtaIalbtw,3,60,300
1118,9XSF1vFyteVhj9sbD2DEAg,5,100,500
1119,riM-pBsdqRRVXtAVbLfsxQ,2,40,200
1120,U6P56MjLrraN0JBNvOjxaA,4,80,400
1121,3NB6yq9cCJbaWYP_u7C_SQ,1,20,100
1122,SqL19z7A7LB91RkWWwWvnQ,4,80,400
1123,TgmATA24L3CTDn98c24RAQ,2,40,200
1124,upaurO0GyyWqb2o8IKNeNw,1,20,100
1125,K3A2k19HhFwh00u7jAvIsQ,1,20,100
1126,Rj3wnYT1QAxpJlRT5mMc-g,2,40,200
1127,0TBTV3q6QXCn9vNhy3Xi2w,1,20,100
1128,NUhHkT1wfXsTLxt_tWwVXw,3,60,300
1129,Jzth-y32SyvOhJNgbIPTqQ,4,80,400
1130,l9B72QwKjUhEA-pLumCa5w,2,40,200
1131,-s_U95xEEmJu5GK-srqpUA,2,40,200
1132,U2W22Vy1oSs4G7W-2vdQ4w,1,20,100
1133,UZ34XAw1GJ3chCOuKL69Mg,5,100,500
1134,_9W8i0ZLcz8oCsjQIc3_Ww,3,60,300
1135,QYIhMNwxXejDoCr-F1BxDg,4,80,400
1136,t53w4JlkxTau-G-TzhSWog,4,80,400
1137,t61eGISz7qMOxEe7o3vwEw,4,80,400
1138,gDOuHjntsN37XEjROoQ2Aw,5,100,500
1139,366FaRQ1MWEHBhaEKTcriQ,4,80,400
1140,lm9gDpvhJcZ-m2Y0feYtkA,1,20,100
1141,g9oCVqOhR4vg7yvtDaEIkA,4,80,400
1142,Hr5h_LG9TMBLlFz_Oici0A,4,80,400
1143,NXU5CcXh2y0Ns5OJQ2wkgg,5,100,500
1144,93kdIq8Ao3KJgXWiuD4ZIw,4,80,400
1145,5GoBfhIyEN-BMzVjO5QLeA,4,80,400
1146,XvTBQotmJpVPjPNaMM7qLA,5,100,500
1147,JhEtJbGjAqKDHCZ11i3qoQ,5,100,500
1148,h-Oq86DZfZad9kKXe8m7Lg,5,100,500
1149,vU8-ATy2-MASm-bQXdhRaw,4,80,400
1150,6XoPAnDoqujoY6FHYc6lPA,5,100,500
1151,03Nlnwr1h-0CH4Ak_CQGyw,4,80,400
1152,EhFpswgt9ifFzGOGE3Cpcg,5,100,500
1153,3KFWuiz8lla9SospgQn6Yg,5,100,500
1154,v8QuF4YX9Bb-qEtKLVPrmA,4,80,400
1155,LEYZb8jiD36RQTElxy0YrQ,4,80,400
1156,zUgDrRtGvK5ZTFlHCsTHwA,4,80,400
1157,j-SSlq3__BQr3H7lAyVvkw,5,100,500
1158,TxaUpMtBLqXBe8wIJ4x6oQ,5,100,500
1159,YmOWkved7K8q3eXgf4NNnA,5,100,500
1160,8F-CalsRSKiPjjsx8ql8Lg,4,80,400
1161,gp9ZESRRNLqWfgJtEzPThA,3,60,300
1162,Z890syqhhoShqFnIyIu9EA,4,80,400
1163,eDw3UUcM_T20WrsKldracw,4,80,400
1164,4epAjbpoXbERNSileO0Vlg,4,80,400
1165,DPZBuTuL7w5MVxsCEyQudQ,4,80,400
1166,ZUyWD8Rs_JY_yzw-t6VTBg,4,80,400
1167,riM-pBsdqRRVXtAVbLfsxQ,5,100,500
1168,22so15K1aqikL9FHt37CSQ,4,80,400
1169,dSEcQPPUlATxZf5pvN_t5Q,4,80,400
1170,AZQKMMvX9m1-uTdLPMzK3g,2,40,200
1171,4fbH3Yr1D5r5-QD-HReDlg,4,80,400
1172,wl0QZqAzr1DelslQ02JGCQ,5,100,500
1173,JwyH48vqADWY6HieOMDxgQ,4,80,400
1174,2GmGT-7QjowR1ihup3FbVA,5,100,500
1175,CRVtzesMuwHK-phmS_ojaA,5,100,500
1176,qgAZPDQStZP_Y5XTiQ6UqA,5,100,500
1177,IodEvSRPqtsrGcDIcCADAw,1,20,100
1178,ggZ5fXzWm_oKFMAHY4yAgA,5,100,500
1179,-8QlV3b_9H4BAh6LgMIr1g,5,100,500
1180,pHpU8lnnxMuPWRHOysuMIQ,4,80,400
1181,bFfWZ4TEyejefj4yk41M5Q,5,100,500
1182,OoYwJANV9zD-_OA4Atu-gg,4,80,400
1183,SwjDIOUA3zFpHptkLe3KCQ,5,100,500
1184,-8QlV3b_9H4BAh6LgMIr1g,5,100,500
1185,n_xqf8Es-k2XBOneXfYGRg,5,100,500
1186,eN8mkjt_q686hGKi-A9ceg,5,100,500
1187,yeTKcKUlTq-W7EJ5hPkqbw,2,40,200
1188,MAKG_gI_r0nlDvh8ciYrhQ,5,100,500
1189,Jzth-y32SyvOhJNgbIPTqQ,5,100,500
1190,PQTtKaBK_WdvLm-zp4fQ1g,5,100,500
1191,I-VD-o4JDGSG5GHQ2EbrVA,2,40,200
1192,momjERcb6G6ienrfPuNArw,5,100,500
1193,4yIOZXIYJiQlkqW_MUtVgQ,5,100,500
1194,tXUYqvRnA1m1nLxXT3Yv-g,1,20,100
1195,TT4XW2WMG0PNyUIFBIINuA,3,60,300
1196,ZMp18tQQTjloj0pKSdENBw,3,60,300
1197,_XptUzewghAxa0_4R7br-Q,1,20,100
1198,YmOWkved7K8q3eXgf4NNnA,4,80,400
1199,Y_3wdqZUoi8qyW7ZugIQNw,2,40,200
1200,gONNfEoNaRLNtgaAcxwsLQ,5,100,500
1201,NxjUiGBNgyDErKXnmQ3s3w,5,100,500
1202,vK1_qKEG7zHvjiTOsN0CRg,5,100,500
1203,pApEPv1-ApXee4GYYMB5AQ,5,100,500
1204,9gPQvgpJTIt0yaYbCUOnHA,4,80,400
1205,KXGkJy-s9W1re2sXqSqoiA,2,40,200
1206,EiGzKrJIwnwWwAlyvwjpSA,5,100,500
1207,EVbEdWYLE9GDpVG97MGw-w,4,80,400
1208,Uk9-e66y4oWIZ5u946iJiQ,2,40,200
1209,ZHQU79PMUGCX0fEoyCcWlw,1,20,100
1210,yet0Pww_ouW49T7V41ecSw,3,60,300
1211,Jzth-y32SyvOhJNgbIPTqQ,1,20,100
1212,rhKzcgMm8CDhu7RZz_XxqQ,5,100,500
1213,EHC5DREBj5BxVElWQsUIew,5,100,500
1214,Z0ukPkDOC7GqgS8xAMuI6Q,3,60,300
1215,zfiSQ1dl3vTJ-og96eqXGA,4,80,400
1216,py474pAs_QPjv2766jLBLw,4,80,400
1217,Md_TTNUkO7U47b3cass4gw,4,80,400
1218,uSuEv4Jh9BGViT-ZQ1xzBA,5,100,500
1219,txoQAX_qwsValfjHWhWp_A,5,100,500
1220,-cBQKodqi77Q0vk-9iDvQA,5,100,500
1221,yIoMFpefEVax9hdVbWPnOQ,2,40,200
1222,31fbLq_lHPVXB4dtj4pW8Q,5,100,500
1223,_PIxbGyLZONKMI3MV8sR6w,4,80,400
1224,sc3dzhgg_8S2WUSIj6qxzw,1,20,100
1225,KjA9PdRnrh_NtN0rVxMGSA,5,100,500
1226,nChi_8Gygb6NUMa_kg_tlQ,5,100,500
1227,2GmGT-7QjowR1ihup3FbVA,5,100,500
1228,EveFgxNoHkrs8ncSjkoINA,5,100,500
1229,qz1W23W4HafC89WIC1DJhw,5,100,500
1230,R9osrGLOriBmKbYwXpWvdQ,5,100,500
1231,uIE9H0cz2AvxorEqy5cZ0w,1,20,100
1232,PgpO8RswM-xOitG4PBNo1w,5,100,500
1233,DEeGnshpgUOIOjhq_dd5Ug,2,40,200
1234,IWOQNyRqWrnqQA5K49eK5g,3,60,300
1235,wl0QZqAzr1DelslQ02JGCQ,5,100,500
1236,WAWWO9PCDTDiXwkKdkw5yA,5,100,500
1237,tZSZTtFf6Auf3ijfx8KrzQ,5,100,500
1238,Cv3NIg9Ahl-x86riaalXSA,5,100,500
1239,WA0S3SRTaqPZLb-KYk9u6Q,5,100,500
1240,AtSEe-B2mFmLFHBf4PLTrw,3,60,300
1241,EUg6vHQRLHRw39bmompHcw,4,80,400
1242,m8Cbph-0tlMaYyXDwvKc3A,4,80,400
1243,WPUf-Eo6PHxDNqPygahiUA,3,60,300
1244,Sg9R6OwNBq5Zf-kjiVBxuw,1,20,100
1245,Mul_BVwcnhqmp2h_7QFepQ,4,80,400
1246,3vOWSanFt56CwRJOE9Kj_g,3,60,300
1247,ydt5yifyYhF5s430llv_Hw,2,40,200
1248,utoTa3Ngv_oSfB5TIMgN_Q,2,40,200
1249,bhosqo-Q1xp67iLqrd1Rbw,2,40,200
1250,NXU5CcXh2y0Ns5OJQ2wkgg,4,80,400
1251,Yqrahz7JPKMoZUTE4LOINg,1,20,100
1252,0U-1Wkl7y-wv39qM6WKL_w,4,80,400
1253,V4eBX4KO_1jfWJP_EgnLAA,3,60,300
1254,Nimxlt2BJQ_PuSFZ3iR10A,1,20,100
1255,_BinpQSjqtEgycxQxKHIGg,1,20,100
1256,zT45hBptOygpgCddHZRsjA,5,100,500
1257,py474pAs_QPjv2766jLBLw,4,80,400
1258,3k4IgQRkxpzhz2mKxR6fIg,1,20,100
1259,IDnUMj44iEhBn8I9BBLQbw,3,60,300
1260,CRVtzesMuwHK-phmS_ojaA,4,80,400
1261,SFwOkS8pe25qpaSRZ_gGsA,3,60,300
1262,bqMEml5HIFSMo4CPfjlG0A,4,80,400
1263,Wiz6MLKtsiRBbt_MFCjaNw,2,40,200
1264,Hg_BvWg5ywPD1hzUw3UWfQ,4,80,400
1265,ioY-a1TntpsAGJAG5_1Zyw,1,20,100
1266,JC9jPWS9IX6xfX_9MiU4Cg,5,100,500
1267,somNslYhaw-amdfh2Ol6Qw,1,20,100
1268,DPZBuTuL7w5MVxsCEyQudQ,1,20,100
1269,P1du4TYLq4lvrwJzHt1pNw,1,20,100
1270,d0z2wUeAuqB5eSpMQ4fC1w,1,20,100
1271,aNSHsgyr2rt1LnYRtc6SPg,5,100,500
1272,CQokoa1vN8j6OP7dyizJDw,5,100,500
1273,TcQW4DNawqXGACLawaieyg,5,100,500
1274,qVri-kxCnhQjXuU4cmhANA,2,40,200
1275,mW97sJ9JVjs_REfp6XjRhQ,5,100,500
1276,vK1_qKEG7zHvjiTOsN0CRg,4,80,400
1277,Oq_xWfwt5uJj_GTdnxAMyg,5,100,500
1278,JwWeolTHTWRDdbT0Zb6WLw,5,100,500
1279,zG4sdiMWE7CZAsfrM4j6GA,5,100,500
1280,OD09pm-MzynigAvD5KoGPA,5,100,500
1281,UZfkeJXeypCOIwqTz0O52w,5,100,500
1282,2m069BaxOm83GEJMuZatUw,5,100,500
1283,p-9tfaYQrfz0FlvsOVDVUA,4,80,400
1284,LXKVQdkTXW--JcB3ahZ9AQ,1,20,100
1285,HkbNItNrnXlNo59M0YyoMg,4,80,400
1286,ZUyWD8Rs_JY_yzw-t6VTBg,5,100,500
1287,Mul_BVwcnhqmp2h_7QFepQ,4,80,400
1288,CoHa0hNT2hsL8RrbocYJdw,4,80,400
1289,dEq4Yj50tWOSzxqXloahsw,4,80,400
1290,0pMsVlUu_MbFqmvbA8F79Q,2,40,200
1291,bFfWZ4TEyejefj4yk41M5Q,3,60,300
1292,txoQAX_qwsValfjHWhWp_A,4,80,400
1293,HIzy8IRukyE_k4GRXJ3ViQ,5,100,500
1294,4fbH3Yr1D5r5-QD-HReDlg,4,80,400
1295,xxo0GsAFxQzUGStmCG6jWw,3,60,300
1296,riM-pBsdqRRVXtAVbLfsxQ,2,40,200
1297,5jxn3_C5rjBow-aiBqcQNg,1,20,100
1298,ad0LjmuXhUGBxTSkve5LZA,5,100,500
1299,YmOWkved7K8q3eXgf4NNnA,4,80,400
1300,M0REssWReekYlXb7rjkH6A,5,100,500
1301,DnmLAQuSSF6oSyNi3Dg4uQ,2,40,200
1302,2yCau2HWo3Ta4L0RYBJSQg,5,100,500
1303,SurnOSM2bVVN4-Js3G23RQ,2,40,200
1304,gouIMkOjkmOvgkR1lcUM4g,1,20,100
1305,R8YuiPjyuKZJ93mI9Vka9g,5,100,500
1306,LqfTM00I_qAMKSinXh4PtQ,5,100,500
1307,t53w4JlkxTau-G-TzhSWog,5,100,500
1308,_MnVcS4TwnqjFT6pNb1MrA,4,80,400
1309,KBfzlzBNUJn-MsgFf-MX2g,4,80,400
1310,pHpU8lnnxMuPWRHOysuMIQ,5,100,500
1311,AqYLbchnIxVSBdUJuLVdrA,5,100,500
1312,vSnLt7ZJp-esmmzxLmiX3g,5,100,500
1313,y13R5Bhd0x4CJk7f3IKhsA,5,100,500
1314,Gw-ozqLSHoP3BQPKaiXJGg,5,100,500
1315,BbGs3XK0x9NEImer3LQD3w,5,100,500
1316,atAjzQ7CUw_wM-GNh8piSA,1,20,100
1317,FsCujpVh9Za2Dl5MIYLCxA,5,100,500
1318,ef3JvfbHxFWUXuM09NN-Sg,1,20,100
1319,uu4lXoxQUFMXyVlhRtoU5w,5,100,500
1320,G80M0Pvd8piLkzOvuJIY6w,5,100,500
1321,fGVZqXadtkQa9CN6dR6crw,5,100,500
1322,HgPMvJsTaX73S3cBNmIrkw,1,20,100
1323,j8qHhuVSjfRPTnmzoCW9sQ,5,100,500
1324,ACb637NG7EnswRs8U_BX_w,5,100,500
1325,aVkVDJ01OgvNwhlCUz_bng,5,100,500
1326,CRVtzesMuwHK-phmS_ojaA,5,100,500
1327,T-0707ku9Ovt-Y8fLA2TrA,1,20,100
1328,kd1dU6oCXpB6gMWKZgvmvg,5,100,500
1329,ZvtELJTUOh0yRrPxyyiakQ,5,100,500
1330,w4zb3G31oVVmJUfL86YZiQ,1,20,100
1331,tvs4Ghov6ReD_3T0_CFBIg,5,100,500
1332,Wnq5to0-jXyh0-_jRZ6VOQ,4,80,400
1333,jaCOkWbIqNBO6JkEkh2Wcg,1,20,100
1334,l_4c__U60fVeTe4IYZBR3w,5,100,500
1335,hRL_qCrcu9UL773su0QabQ,5,100,500
1336,n2HkJt3y4Uvwex5AT5IeRA,1,20,100
1337,riM-pBsdqRRVXtAVbLfsxQ,1,20,100
1338,yvwK4MO2qnSZE5ggYGyk1A,3,60,300
1339,h8XdexOcJlfLOwXIDtyalg,3,60,300
1340,CO_pozE8p0bmptoeVQQk4Q,5,100,500
1341,5lZpyuWjC7L9uJfLfqIQ_w,5,100,500
1342,3MdLnbpkvTcsKkMszUv_3g,5,100,500
1343,GtCrKxpL_JSwXr2yxMLt5A,5,100,500
1344,g4JypcIOoGejIncLl3OF1w,5,100,500
1345,SwjDIOUA3zFpHptkLe3KCQ,2,40,200
1346,KcbFFh7xfBLl2YeXQRhUNg,5,100,500
1347,DPZBuTuL7w5MVxsCEyQudQ,4,80,400
1348,CcTvk2-unBwmAZmU3PlKww,4,80,400
1349,JzOp695tclcNCNMuBl7oxA,5,100,500
1350,366FaRQ1MWEHBhaEKTcriQ,5,100,500
1351,iBihgoxc6Ot7m2D4D3z0QA,5,100,500
1352,PRbIMseOwPCCRv5C4SfTDQ,5,100,500
1353,mexmHY_BsBQnrCcp_kQF4A,5,100,500
1354,QS2kvdgJ-X2cUJrxBWgT7g,1,20,100
1355,_MzJncLDDFC7-0QLt1KQcg,5,100,500
1356,yet0Pww_ouW49T7V41ecSw,4,80,400
1357,GdPWJo3z4ySEXpF7Wkn3FA,3,60,300
1358,tGHUIqqlcBf4CEdX99tG8A,4,80,400
1359,-s_U95xEEmJu5GK-srqpUA,1,20,100
1360,Wrd9LAbc8IOoAS5H6uw9sw,1,20,100
1361,ggUT83oyw7KQbB-o1IOuQQ,5,100,500
1362,pyTreZlATxEx4emDPH5NtQ,5,100,500
1363,U6P56MjLrraN0JBNvOjxaA,3,60,300
1364,aXsmmtepl0JZNcl3pkXqww,4,80,400
1365,5FIOXmUE3qMviX9GafGH-Q,3,60,300
1366,0TBTV3q6QXCn9vNhy3Xi2w,4,80,400
1367,yIoMFpefEVax9hdVbWPnOQ,3,60,300
1368,NxjUiGBNgyDErKXnmQ3s3w,5,100,500
1369,bilj5I2GPCE-bIid9P2XdA,2,40,200
1370,JzOp695tclcNCNMuBl7oxA,5,100,500
1371,Yoc9_4sv6AT1AIohPPiGbA,1,20,100
1372,Md_TTNUkO7U47b3cass4gw,1,20,100
1373,PlJMs0vV9rIS9jTjSPoKkA,1,20,100
1374,Iqu-RwRA4XfwILKQLKQZew,5,100,500
1375,tWiFat101ID5w_wgAPMXhA,4,80,400
1376,P6c0lV9DeJ6ofntpTWyqhA,3,60,300
1377,Ee3bI8VXPU2PGE_vJg3Pqg,1,20,100
1378,-P8zE64sftc0tkg2hiQeqQ,5,100,500
1379,qcIaV85ruI4owcfivYRT4Q,5,100,500
1380,oVAySgyWYzzmvJpTJ8PO5Q,5,100,500
1381,futvxFkM42RYxXr8ROogBQ,5,100,500
1382,Wrd9LAbc8IOoAS5H6uw9sw,4,80,400
1383,SurnOSM2bVVN4-Js3G23RQ,5,100,500
1384,ZDoqO7cSDoWGNi-8OV2-Ew,1,20,100
1385,O_cvS8uAocco3R3Pg9np-g,4,80,400
1386,GdPWJo3z4ySEXpF7Wkn3FA,2,40,200
1387,ZhjU0FkCIaG43F83TwSN8w,5,100,500
1388,ePjHWTk1AzpYbuh4lFzhxg,4,80,400
1389,YKcKWiqIhTzTnqOYWvq7aA,5,100,500
1390,j-WyPKVDSn4WGX1YE5oy6A,5,100,500
1391,zfiSQ1dl3vTJ-og96eqXGA,5,100,500
1392,sc3dzhgg_8S2WUSIj6qxzw,5,100,500
1393,ZQoS396XFu-CkViZnBef9Q,5,100,500
1394,N-PAAZ7g_MsXIrUPHS9PYw,5,100,500
1395,FsrTvW5RDAxfcOKsNk5t-Q,1,20,100
1396,oXtNK3A31VrWb43gLnEPdA,5,100,500
1397,PK_yJS579FjaNiCkGGa6iA,3,60,300
1398,diAJlvbE8UrRQ9RN2nZ5Tw,3,60,300
1399,iBihgoxc6Ot7m2D4D3z0QA,4,80,400
1400,Rj3wnYT1QAxpJlRT5mMc-g,5,100,500
1401,3KFWuiz8lla9SospgQn6Yg,4,80,400
1402,iBihgoxc6Ot7m2D4D3z0QA,4,80,400
1403,nW4UcZHFbmKgTTkmN1vx5A,5,100,500
1404,aiX_WP7NKPTdF9CfI-M-wg,5,100,500
1405,a1jkxammnO_xlIEvCJUn-Q,5,100,500
1406,_M5ngf01IBY-v5LhluT-9w,1,20,100
1407,5EIJCSrXLHvM2HEoKCejpw,3,60,300
1408,YsLOVXOU4bxK_IAEZHZqLA,5,100,500
1409,Zm2UxtBawR1oufodiW0tZw,5,100,500
1410,EVbEdWYLE9GDpVG97MGw-w,3,60,300
1411,AvC4DNDxs7XiET_RsiwMqw,5,100,500
1412,EdmqizHq1G87882yRsqONw,5,100,500
1413,WozFaG_gz9SpHFc8DA-xpQ,1,20,100
1414,NlxSKTGm2khkYloVMoKlRw,5,100,500
1415,biVQDp3K_vNP1eK5wGZOJg,5,100,500
1416,v8QuF4YX9Bb-qEtKLVPrmA,4,80,400
1417,zDyv4CoaYvAgQhgr1IK1sg,5,100,500
1418,Alk4frpiwOJMHuW-b6f77g,5,100,500
1419,jlbP9Yd0AQP8OlcsFkZ4hQ,5,100,500
1420,t61eGISz7qMOxEe7o3vwEw,5,100,500
1421,yet0Pww_ouW49T7V41ecSw,2,40,200
1422,E_eIph8IT10Uo06ZdWwoUw,4,80,400
1423,8B1TIuaqhaZ7QMEhDUu-Gg,1,20,100
1424,JzOp695tclcNCNMuBl7oxA,5,100,500
1425,kj1p6NwUGROOoqNySf0I1Q,4,80,400
1426,tLCZdAt83gvD6Me_Vshu1w,5,100,500
1427,CRVtzesMuwHK-phmS_ojaA,5,100,500
1428,UBQRhqRMW4Sk7kSZvZ1iAQ,5,100,500
1429,DjvpsmdtEvnyMk2vXxpc-w,4,80,400
1430,u3wWkEDVva0coF_AmzK3lg,5,100,500
1431,x8YplLfloOzGGL8vlkeILw,1,20,100
1432,Uk9-e66y4oWIZ5u946iJiQ,2,40,200
1433,2GmGT-7QjowR1ihup3FbVA,5,100,500
1434,614VPl1kNHVG3Cc98w585Q,5,100,500
1435,c4lY3hHlf38c2Bxp9gDcDA,5,100,500
1436,T-0707ku9Ovt-Y8fLA2TrA,2,40,200
1437,6C_8Mh4lmLc_QEs3hHleBg,5,100,500
1438,dDZqtA1me453GrMtpcpYOQ,5,100,500
1439,21fK0m8sQFbRQv3RlskE2w,4,80,400
1440,xxo0GsAFxQzUGStmCG6jWw,4,80,400
1441,2GmGT-7QjowR1ihup3FbVA,5,100,500
1442,d3C5QTYpZCdp2pV1Cq5G_g,4,80,400
1443,riM-pBsdqRRVXtAVbLfsxQ,4,80,400
1444,X1twjafYxMCpKt2MqvY5Tw,1,20,100
1445,SWhHaWFuijy_KDs0zVCJog,4,80,400
1446,KYdIiZInYh2aWZSMoc5N-Q,2,40,200
1447,zT45hBptOygpgCddHZRsjA,5,100,500
1448,bZP7Zzm3EGEUKcnVVqHweg,2,40,200
1449,5FIOXmUE3qMviX9GafGH-Q,3,60,300
1450,YmOWkved7K8q3eXgf4NNnA,2,40,200
1451,3k4IgQRkxpzhz2mKxR6fIg,5,100,500
1452,lC2hnEYBN_97HXDQnpGpZA,4,80,400
1453,fE9SP84G6TZrv36FLbCy7w,3,60,300
1454,DPZBuTuL7w5MVxsCEyQudQ,1,20,100
1455,wa8QgXQu1ZxwPgdRl9lYlg,4,80,400
1456,DF6kMTHYuKKME_00AinR-w,4,80,400
1457,vU8-ATy2-MASm-bQXdhRaw,3,60,300
1458,aiX_WP7NKPTdF9CfI-M-wg,4,80,400
1459,UBQRhqRMW4Sk7kSZvZ1iAQ,4,80,400
1460,9kjk05G50XWnmJQBz_wcnw,3,60,300
1461,sahppzQJ0HtvMC7L8ILTVg,4,80,400
1462,vBV5IbpTgUKuu2HlneE2NA,3,60,300
1463,2q2gGuigGrCFmx3juLAVww,4,80,400
1464,Y_3wdqZUoi8qyW7ZugIQNw,5,100,500
1465,W2CzAePJakvARgoQuohbOA,5,100,500
1466,NUhHkT1wfXsTLxt_tWwVXw,4,80,400
1467,3vta1BSPwdSulcCFMpBjDw,3,60,300
1468,AfN3Z1U6QPEgAb5F2CQm8w,4,80,400
1469,SIVi2UQp1UT0lMIoqHP0QA,1,20,100
1470,0TBTV3q6QXCn9vNhy3Xi2w,4,80,400
1471,wa8QgXQu1ZxwPgdRl9lYlg,5,100,500
1472,puQ2WGO0L2KvKqNQCJYZRw,4,80,400
1473,OoYwJANV9zD-_OA4Atu-gg,3,60,300
1474,v0YATh4rCiPlBpSyNmh3tQ,4,80,400
1475,8F-CalsRSKiPjjsx8ql8Lg,2,40,200
1476,LRnzpnNQWwpN3Bu24W53CA,5,100,500
1477,ZvtELJTUOh0yRrPxyyiakQ,5,100,500
1478,p-wnqIJkii8YWAFjEWRf8g,2,40,200
1479,r1uDaWsmrbNO4CC2Pei9RA,2,40,200
1480,AxluhyBhbxz0Ndfmi0GjwA,1,20,100
1481,n43SvzsYHO_4UTC_QwrZKA,4,80,400
1482,1XVAnB6BTCSlk89LW_jgfw,5,100,500
1483,AZQKMMvX9m1-uTdLPMzK3g,5,100,500
1484,VxYKVSpJOW9VanwWq9KDVg,5,100,500
1485,YzLcxkQC33HdOEw5XKYjLA,5,100,500
1486,-IZvuqxekWEvJqDw308daQ,2,40,200
1487,diAJlvbE8UrRQ9RN2nZ5Tw,1,20,100
1488,-xIrVu_7prj_0GDl1tds1w,4,80,400
1489,2hoBLBsbAdfvFOz8q8OIjw,5,100,500
1490,-xIrVu_7prj_0GDl1tds1w,5,100,500
1491,uO81UPtXJK9L0s1rOkwMjQ,2,40,200
1492,gVEJPnEuy3wf0EA5OJEXGw,5,100,500
1493,CaF9FC8GEBfDDbptPgkgBw,1,20,100
1494,-gcS8S7aiHTwYROMC5QP5A,5,100,500
1495,gS95Lei8i0mXANdCz7Nhbg,5,100,500
1496,yvwK4MO2qnSZE5ggYGyk1A,5,100,500
1497,GZ1Kaj4Z2gRS2RsxsQf7aQ,1,20,100
1498,SnpFUqKG6ZjurXYq5wZU_g,5,100,500
1499,Dy8BVSkF2VfqGmjb-x56UQ,5,100,500
1500,fDDL7yxkCs1qniw0PzVT1Q,5,100,500
1501,Jzth-y32SyvOhJNgbIPTqQ,4,80,400
1502,zG4sdiMWE7CZAsfrM4j6GA,5,100,500
1503,NxjUiGBNgyDErKXnmQ3s3w,4,80,400
1504,3KFWuiz8lla9SospgQn6Yg,3,60,300
1505,rq2Xrp23vN_ur2zNIqGYPw,2,40,200
1506,CO8MpD1bSkBPArXKBKkIfA,3,60,300
1507,CRVtzesMuwHK-phmS_ojaA,4,80,400
1508,BYQXVyuarIvLi32JzMLSVg,3,60,300
1509,UY13CTgUqriT-fMxT2APLw,3,60,300
1510,wl0QZqAzr1DelslQ02JGCQ,3,60,300
1511,QNraL-gIxGAeXY2bNqTDdQ,3,60,300
1512,JT7cr4C-_ZjjxilGXVrpIA,3,60,300
1513,U6P56MjLrraN0JBNvOjxaA,3,60,300
1514,Zm2UxtBawR1oufodiW0tZw,1,20,100
1515,HJLiVxuvtN0n73BASSZKoQ,4,80,400
1516,qgAZPDQStZP_Y5XTiQ6UqA,5,100,500
1517,2GmGT-7QjowR1ihup3FbVA,4,80,400
1518,t61eGISz7qMOxEe7o3vwEw,4,80,400
1519,utoTa3Ngv_oSfB5TIMgN_Q,3,60,300
1520,JzOp695tclcNCNMuBl7oxA,4,80,400
1521,OoYwJANV9zD-_OA4Atu-gg,4,80,400
1522,Mul_BVwcnhqmp2h_7QFepQ,5,100,500
1523,T07NQ5miw4ktFJO3vsgAEw,5,100,500
1524,RyJIi1IP0UQ5qGbwazgsIA,5,100,500
1525,QuybD_bJcAB2CHcpTfREYg,5,100,500
1526,kN6V5kQgB6rKzxom4e8pqA,1,20,100
1527,BBt-H2kcXYGumD0Ey84hQw,5,100,500
1528,C2XhRIxtylJO1XfC54f6oQ,2,40,200
1529,O_cvS8uAocco3R3Pg9np-g,5,100,500
1530,r8hVqm9DeasZ0Bf2KMhbeg,4,80,400
1531,wXsccicHhEvNssIJhdmS2Q,5,100,500
1532,SFwOkS8pe25qpaSRZ_gGsA,5,100,500
1533,O6obMXRKCnLMygvm2fSp0w,1,20,100
1534,u9va4ksYFYJe6FkXkHOo7Q,5,100,500
1535,aVkVDJ01OgvNwhlCUz_bng,4,80,400
1536,JzOp695tclcNCNMuBl7oxA,5,100,500
1537,D3ehpx1uKG5aLuaJgztYDg,4,80,400
1538,1SLJKRYPRifERga33AjK7Q,5,100,500
1539,E_eIph8IT10Uo06ZdWwoUw,1,20,100
1540,vI5AXBTPqTjmCsJHkMU7jg,5,100,500
1541,P69sEJwyoUqjBXiqjkKwDA,5,100,500
1542,T_s4IcIJf5ZHyy8zC28UGw,1,20,100
1543,GzNbN1Y2OWVk_QJ1zLZbtg,5,100,500
1544,7dtcBJH9qxtxx1PWnzT10A,5,100,500
1545,PK_yJS579FjaNiCkGGa6iA,5,100,500
1546,4uZkUUbl6dr_bjmS2QNnbA,5,100,500
1547,qUMPCi_h3mkrmCBUhXP4qw,1,20,100
1548,KMJs7cJjbTVtyv9LCBPjxA,2,40,200
1549,_uMRu3765QYo0Qg1z1LKqw,5,100,500
1550,PkOizWt7NQ4Cy7ggVRFWGw,4,80,400
1551,wNry60kAR9YmowoBwqncbQ,1,20,100
1552,uKKNw68mZZaa1jcyszEbyA,2,40,200
1553,JBZzE2ZJe7l0iEwQLjCJzw,4,80,400
1554,1UweGrt6mgiTCfsmLMiUxg,5,100,500
1555,pdr6U7qSa9jIivVy_glF-w,4,80,400
1556,GIhzzb9tjqLCYdNP_k3-dQ,3,60,300
1557,JzOp695tclcNCNMuBl7oxA,4,80,400
1558,ad0LjmuXhUGBxTSkve5LZA,5,100,500
1559,eXQW4RvqM79-u3TOKlJe3Q,5,100,500
1560,wha9cBvuyfLZRyCSJER1EQ,5,100,500
1561,pvrWPRP9AENdjXcuPwMDwQ,5,100,500
1562,mUAaF_2LyecIoTzbOPsewg,5,100,500
1563,im5wDqyQOWVL_OEAB1vOXQ,5,100,500
1564,L4w_1GqHW-JbtJBKr0y-mA,1,20,100
1565,3JnO3AEqRD8DbXkWP-gTFw,4,80,400
1566,2rLuOMi6Q6zzqUU8ltreSA,5,100,500
1567,om7lh8keQs3hhQoNFEjuUw,5,100,500
1568,QT4Ub4DlaDX52vdnKutD0A,5,100,500
1569,3Ll-F55gm-tDXy3I37beJA,1,20,100
1570,OoYwJANV9zD-_OA4Atu-gg,1,20,100
1571,_BJdRw73rGb35ofd3ElTUA,5,100,500
1572,Hr5h_LG9TMBLlFz_Oici0A,4,80,400
1573,_zk9LLHk3QUEfaiLL_VfGQ,3,60,300
1574,QBLl3bVLWZB4-jS-O_MKug,4,80,400
1575,Mul_BVwcnhqmp2h_7QFepQ,4,80,400
1576,Dqzkdf0sz8lm9AFjfsDmIw,4,80,400
1577,M9fOuiesoUSaouOqNQ3U2w,3,60,300
1578,1Z4_zSITNVQ_Bt027R0S1g,4,80,400
1579,biVQDp3K_vNP1eK5wGZOJg,3,60,300
1580,aVkVDJ01OgvNwhlCUz_bng,2,40,200
1581,tIauOelAC3BZk_xhMoDBUg,4,80,400
1582,kj1p6NwUGROOoqNySf0I1Q,5,100,500
1583,NqlkeYitexkmyiS6LnWkCA,5,100,500
1584,U6P56MjLrraN0JBNvOjxaA,4,80,400
1585,QDJ0UYHK5lDWiniL-ALM-Q,5,100,500
1586,0pMsVlUu_MbFqmvbA8F79Q,3,60,300
1587,_uMRu3765QYo0Qg1z1LKqw,5,100,500
1588,aqMfCbFNeWn1a4Evds83fg,5,100,500
1589,v_tMfa0awn16PMCw7CFnkg,5,100,500
1590,RiPmWd8i5SsihiAb0S6jdw,4,80,400
1591,CQokoa1vN8j6OP7dyizJDw,1,20,100
1592,g9oCVqOhR4vg7yvtDaEIkA,3,60,300
1593,JlfjUgit5RjPxMR86Fd82g,5,100,500
1594,N59Rkr_cUXJPYSjGOv4vBA,4,80,400
1595,BaPKO2rV_uaOtRliKtaFcQ,4,80,400
1596,W2CzAePJakvARgoQuohbOA,2,40,200
1597,tamr4J75GguGhF1hm1wEaA,4,80,400
1598,HW87OtI41rtPajSZ8qyHJw,4,80,400
1599,dO2V9ut5x8Zx_XhYrNp4Ig,3,60,300
1600,riM-pBsdqRRVXtAVbLfsxQ,5,100,500
1601,m_-rq1_VDUJl2R5T5S6ZCA,5,100,500
1602,ekdlaQSb1pngTU0GpU5zhA,5,100,500
1603,xxo0GsAFxQzUGStmCG6jWw,2,40,200
1604,doW7nAJX6PeH0Ig_mhJsGg,5,100,500
1605,s1500k_u6yScouzQ-RUb6A,4,80,400
