Business id,Stars,Service,Cleanliness,Authenticity,Value for money
x5vSE0-NO_YSZtOnitLWuQ,3,72,41,72,19
rt-EKmn8xpUuWdePYPPcHQ,2,15,45,57,20
KcbFFh7xfBLl2YeXQRhUNg,5,92,93,86,88
wHeG9RYU3_k3wlCgkLGDRA,3,20,16,95,29
XvTBQotmJpVPjPNaMM7qLA,5,83,90,92,79
x2nALssJGy_6p74ddxx3GQ,3,53,65,38,60
TRJHqPTKFFFglV0OGXS3Ig,2,68,38,21,22
oaOT2G5mIE8yOPZ55RM4cA,3,85,94,37,84
AJ8DDFm6QaihAPZI3wFBHw,2,57,34,35,25
sKWZ_tAOVMZoC4Qk8_Bd4A,4,95,85,88,87
UY13CTgUqriT-fMxT2APLw,3,72,15,77,81
p4GMQauk2iqZnN6cj81s3g,2,65,40,57,20
4Iak803d4fyY358jSMRasg,4,94,86,95,77
DTvcpHf2gGKgSujUVXA7sA,3,55,77,63,42
9MJDPVeLqAWLqdWF4Heqvg,3,64,47,89,39
QYIhMNwxXejDoCr-F1BxDg,4,79,94,89,77
Wnq5to0-jXyh0-_jRZ6VOQ,4,90,91,91,81
-cBQKodqi77Q0vk-9iDvQA,5,86,94,92,86
yVLbAdSQQURBNWsJIxzmfw,2,34,15,34,21
qBMQUR66_7pmld8NmGxVFg,5,95,88,83,77
IUTU_8qM7M8j9A1TbmMjYA,3,39,73,18,16
8F-CalsRSKiPjjsx8ql8Lg,2,23,25,47,73
qgAZPDQStZP_Y5XTiQ6UqA,5,93,86,81,95
P6c0lV9DeJ6ofntpTWyqhA,3,17,20,15,41
21fK0m8sQFbRQv3RlskE2w,4,84,85,84,86
XfNDmxQiG5nZVZe-JY10NA,4,93,85,95,89
6Z3lZEEIKv6opbyavmnGbA,4,84,85,80,94
ndQTAJzhhkrl1i5ToEGSZw,5,92,85,89,78
HlkjT-4MXW_efuEydjrR1A,5,78,89,95,82
YMZy_nGxtJtuQvflM6Ltww,3,92,24,71,75
2rLuOMi6Q6zzqUU8ltreSA,5,84,94,93,84
JzOp695tclcNCNMuBl7oxA,4,94,92,89,87
0TBTV3q6QXCn9vNhy3Xi2w,4,90,92,87,88
Hr5h_LG9TMBLlFz_Oici0A,4,90,91,90,90
sZf_KrF9ZLC7z4jiLGgVOw,4,92,91,86,87
ZHQU79PMUGCX0fEoyCcWlw,1,36,25,34,19
0U-1Wkl7y-wv39qM6WKL_w,4,79,90,80,91
RyJIi1IP0UQ5qGbwazgsIA,5,86,93,88,84
-yXkMzPPQ2PvzIC-NrH-Sg,3,35,38,29,47
GIhzzb9tjqLCYdNP_k3-dQ,3,37,46,23,54
vKgsXz3W4BIquVcgJs19sQ,5,77,90,95,88
zJCbSgXWFWwvKiIRFFuiTA,3,22,42,39,90
iikAHVLZrZn7Zy1aEPD25A,3,87,76,29,46
5jxn3_C5rjBow-aiBqcQNg,1,38,49,24,30
QBLl3bVLWZB4-jS-O_MKug,4,77,91,85,95
6a-EXpakLH9tLtv8SDWdWQ,4,84,93,82,92
T1tvWywCdTv8YiK-r_roLw,5,75,90,82,88
NmbBDuALeotUv01k7Qqr7g,3,70,90,53,70
Xwf022IffmZPq6V25iomDg,5,94,95,85,92
Se9dkAqNfBoOoAbKT0LEsg,1,33,20,43,36
P1Ks4okkg58xKTXLjGp4iQ,2,47,68,69,27
9R8Ia-EwSBJR5CUHN1K9yw,4,89,91,81,89
uO81UPtXJK9L0s1rOkwMjQ,2,28,26,27,19
BYQXVyuarIvLi32JzMLSVg,3,87,57,83,52
y45zdBlXT0Mr0gEfYOzXlw,5,75,90,81,79
DPZBuTuL7w5MVxsCEyQudQ,1,16,39,49,18
edVhUxTKz4nn5-qF7Ix_7g,4,82,90,86,86
O6obMXRKCnLMygvm2fSp0w,1,52,53,25,21
tkSk6jdenjbYEcqSchFR7g,3,42,55,45,27
pApEPv1-ApXee4GYYMB5AQ,5,91,91,92,86
SqL19z7A7LB91RkWWwWvnQ,4,85,90,83,85
TohJiJOsB7XwRyenaQel6w,2,72,66,46,49
g5l4vrFN03ob_zDDztDDjA,1,36,30,32,29
u4TVM_6Ya1FBRszxcBROWA,5,88,90,84,84
tWiFat101ID5w_wgAPMXhA,4,81,95,94,86
fZM_o3kKZ9mR-1pvBeow8A,3,81,64,35,39
_nB8HNT2IDRhlAoY9TPYew,4,88,95,82,80
bh0dRmSXjNWZLRys2VmW6A,4,77,90,88,89
dDZqtA1me453GrMtpcpYOQ,5,75,95,89,78
tVVZcFFt3ZlWVE7nptN3EQ,3,92,80,40,38
ofAbFXOMz2-Di7p2oDsfhQ,3,24,85,66,54
hRL_qCrcu9UL773su0QabQ,5,92,91,84,95
_9SDJqTh8z0t3WZmVvbnYA,3,52,38,54,39
HgJGwePlWjhzOEL028pSig,1,22,50,18,26
momjERcb6G6ienrfPuNArw,5,92,94,80,89
PRbIMseOwPCCRv5C4SfTDQ,5,82,85,88,82
D3ehpx1uKG5aLuaJgztYDg,4,78,85,86,78
dSEpkUP_RuR5gG_LhJ_INA,3,38,72,95,68
5FIOXmUE3qMviX9GafGH-Q,3,84,71,94,65
fCaJNz9ff4x0x46fPA8nXg,2,50,67,44,43
jGKcrKCPZ7wtFticJ6KZHg,5,87,88,89,79
V-dxglt0zIcBZzZ-4gfgAw,2,73,58,71,65
AqYLbchnIxVSBdUJuLVdrA,5,94,85,88,83
Jzth-y32SyvOhJNgbIPTqQ,4,92,88,87,92
afrS2T04mfdWHYxuK-2knA,1,40,31,53,33
y78qakVvpdRgIzManeISAw,5,88,94,82,85
mZsvMd5RCat1d3KMSD5tsg,5,94,94,81,81
Q3G58vv1ClvH4re9QBsVgQ,4,95,85,93,86
W2CzAePJakvARgoQuohbOA,2,53,47,70,20
giLPHHPabZycyoNHoP35Sw,5,77,85,87,80
OzkK-4IqoBqqIZIdhVJXQA,5,90,94,84,84
1wiv2BvvauMj8hS16UuEYw,5,94,91,86,79
mKRKhFuJX4nhJykUvZO8hQ,4,92,93,83,89
jlbP9Yd0AQP8OlcsFkZ4hQ,5,77,85,86,93
I9VW1y9hmHKAtaO0edSyzA,4,87,93,85,77
4z2evNWOBm7b4-7Td0392A,4,85,89,92,87
O0VtL9uyf0CY1Yq-kZT8fA,4,90,90,92,91
WCE7YEBV_jOk-KaIEndrGg,4,89,86,93,85
ZhjU0FkCIaG43F83TwSN8w,5,76,86,94,84
Md_TTNUkO7U47b3cass4gw,1,46,21,28,15
mbnU0WTmBcYDvUu0ch6O8A,5,76,90,87,95
oYfzCy8kUkALFa28og_OsQ,3,54,17,17,41
IvbVnHO2Y5w4b61rJ5xHaQ,1,41,32,30,48
kzQ7vylNAQn3w2JGBEluPg,5,82,91,88,84
r0rtl4OsZy-F099jeO_DKA,3,26,62,17,72
iUaxM9t-ZcdTjI2Zx_3vEQ,4,76,93,94,77
jiOREht1_iH8BPDBe9kerw,5,78,94,87,93
BaPKO2rV_uaOtRliKtaFcQ,4,88,95,85,94
oVAySgyWYzzmvJpTJ8PO5Q,5,86,85,87,93
tamr4J75GguGhF1hm1wEaA,4,92,87,82,82
2ZUEOFbbwTjrvkTEVXAdPw,4,95,87,81,90
AfN3Z1U6QPEgAb5F2CQm8w,4,85,90,94,95
9XSF1vFyteVhj9sbD2DEAg,5,89,89,94,79
RzLlGTOFQZyoFgEpk0Ik0Q,4,94,93,89,80
-mklrNaGHec-ZnTAsBtilA,1,20,26,40,33
-jCh1266UulWxTtUpUiDFw,5,79,92,88,95
uIE9H0cz2AvxorEqy5cZ0w,1,28,35,23,24
63dCBZQILHR-QogyKXnvXw,4,94,94,85,93
dEq4Yj50tWOSzxqXloahsw,4,89,94,84,95
Zz7XBdd0Eu9JZgamvIBFzQ,5,80,86,88,85
U6P56MjLrraN0JBNvOjxaA,4,86,90,86,80
MbAsfN3wwV22K7GZsgcBqA,5,81,86,86,78
d3C5QTYpZCdp2pV1Cq5G_g,4,76,91,91,77
vzJ1z1dPKFsM9zoTv6tL3g,1,26,39,34,37
mKf7pIkOYpEhJTqjw4_Fxg,4,75,95,92,93
nhOCUUgFa1izAiWVKAxhCQ,5,76,89,94,81
2UZ4nBPHew9nKWcQyeG0TQ,5,81,91,89,81
TT4XW2WMG0PNyUIFBIINuA,3,33,35,64,16
EVbEdWYLE9GDpVG97MGw-w,3,86,91,67,39
dimv16yFu0JXR1n1SAqedQ,2,45,19,34,46
wl0QZqAzr1DelslQ02JGCQ,3,26,53,27,59
wXsccicHhEvNssIJhdmS2Q,5,81,86,80,88
Oh66jkE6zCIIBDSEBwz0Cw,5,83,95,80,79
L2iT7pipc455Tgpbo35_mw,1,26,39,34,43
WF0bsux--lnBfV95xmGTpw,5,91,90,80,78
6t7mlTVjDA9fhuFAZmVzAQ,5,76,93,89,83
DS0E9qEyVTyV_BGWoPgjGQ,5,78,92,94,95
mtBAaQ2xarcjZtPbLhar4g,5,88,88,94,79
mbV5FSZjiUViAdwcYRY0Rw,4,83,87,82,83
iBihgoxc6Ot7m2D4D3z0QA,4,80,90,88,95
i631pRlq0u29VvaMshW67A,2,27,71,53,18
JhEtJbGjAqKDHCZ11i3qoQ,5,90,92,85,78
gDOuHjntsN37XEjROoQ2Aw,5,77,90,83,77
2q2gGuigGrCFmx3juLAVww,4,75,94,95,80
NUhHkT1wfXsTLxt_tWwVXw,4,89,91,90,84
3JnO3AEqRD8DbXkWP-gTFw,4,93,94,80,85
366FaRQ1MWEHBhaEKTcriQ,5,80,86,81,77
tIauOelAC3BZk_xhMoDBUg,4,91,94,82,93
OMxgLbrSCEU12265nz9JVA,5,76,92,91,81
hIgGkG1JnHX4xmVuOgegDw,4,79,92,88,88
ZvtELJTUOh0yRrPxyyiakQ,5,91,91,81,77
AbnpKkW0mpv34jtRps4C0A,5,85,94,90,85
ZO2-nQjKZBoZUSOzJb4CUQ,5,82,94,83,82
RMtnJYAAiXmUFrMngttEoQ,4,77,87,83,94
5J1SoLkAM2zAOKqrRB7rCQ,5,89,95,92,95
AgE33nKGtNLQkCKQBW44Tw,5,90,93,80,95
CO8MpD1bSkBPArXKBKkIfA,3,84,73,28,75
1zsM7weLS8fNHomDAqCh4Q,4,77,88,91,82
aiX_WP7NKPTdF9CfI-M-wg,4,91,95,91,81
3vta1BSPwdSulcCFMpBjDw,3,15,45,46,31
CMCAZVvZlP0ztWo6fhwnGg,2,68,44,33,68
neO0lOx9YE3r7SvVkmpS8w,4,88,87,84,91
NlxSKTGm2khkYloVMoKlRw,5,82,88,93,84
7_08jLr277WpzXkcERXhjA,3,42,59,20,23
ydt5yifyYhF5s430llv_Hw,2,75,70,47,27
46QWVor8H5eUDNYnx-fMnw,5,95,95,93,85
pD6Eg5iI8zgS1YZZYk0TVA,5,95,87,94,94
gONNfEoNaRLNtgaAcxwsLQ,5,76,93,82,87
fKRKE4XQzOCgddSSQAESTQ,5,90,95,80,81
aVkVDJ01OgvNwhlCUz_bng,2,49,71,66,38
SurnOSM2bVVN4-Js3G23RQ,5,88,94,92,80
gVVmLRUrAf-mqgndol3rUw,5,93,93,85,88
jJDKPJLzkoPeytWIzstJrA,3,47,27,30,87
v9RoRhf64X5E06gdqeudFQ,5,81,87,85,91
_XptUzewghAxa0_4R7br-Q,1,15,27,38,44
BTf8sELl1TjovRc0f-tgJg,3,38,83,42,22
qOd7QUh-sIB7zN7RbP1-qw,5,89,94,83,95
Gw-ozqLSHoP3BQPKaiXJGg,5,81,95,88,85
8RZf-eJI5J05Qu60TD_6fA,5,84,86,80,80
gWqwzJTx8g588U3f7BkZnw,5,79,89,92,80
4c-O3t8I-JxfUGJDUwvj6Q,5,86,92,82,90
UBQRhqRMW4Sk7kSZvZ1iAQ,4,79,93,92,88
HkbNItNrnXlNo59M0YyoMg,4,77,92,92,77
FzwAT5zi8hy5kJ79HaKJPQ,1,26,37,32,55
DVaTciFGcCXLHTufHZM4_A,4,86,89,80,89
7ef7jYhmfbxSI7s57HoJAg,4,79,91,95,93
UhCSu92r2XVPmhQET1c2Bw,5,75,95,87,92
T3y7m50JXsf8HI66L4f72w,4,83,91,87,93
tduDcM1hWHPeyQ9SRPTQmQ,1,31,21,46,33
jN00dj1opLMyFczkCTptqQ,2,49,56,73,67
1uCoWygbmehTJP8Su_3QVA,1,43,26,27,26
rIHt5dCEPotEn-gy6IUT_A,4,78,89,80,77
cbLEGyROMNKbOZpEah3seQ,3,31,17,65,51
XWiL_1CtBWmd1unCiWj_XQ,5,83,90,82,95
E6Cb9EwRyXQrIpJqoT4nSg,3,79,76,57,20
4yIOZXIYJiQlkqW_MUtVgQ,5,94,90,86,77
Z96TEJDXyUhCerS-9QllXw,3,58,44,82,74
AZQKMMvX9m1-uTdLPMzK3g,5,87,93,89,82
fE9SP84G6TZrv36FLbCy7w,3,59,81,40,34
RN0PTeMSF_eaeXN6VV7RwA,1,51,28,30,15
Rj3wnYT1QAxpJlRT5mMc-g,5,85,85,86,93
Dqzkdf0sz8lm9AFjfsDmIw,4,90,85,82,88
uKKNw68mZZaa1jcyszEbyA,2,26,57,50,48
gp9ZESRRNLqWfgJtEzPThA,3,94,82,61,63
futvxFkM42RYxXr8ROogBQ,5,93,86,91,79
OJBn0HFMvVB9TDcr4OLttw,5,81,93,87,89
l8X3I6h4EdDR-Fv_KV8joA,5,82,94,87,77
pHpU8lnnxMuPWRHOysuMIQ,5,91,93,87,89
ZpdSgmF55vELLYl4b26tKw,4,82,92,83,81
3KFWuiz8lla9SospgQn6Yg,3,18,34,33,45
AtSEe-B2mFmLFHBf4PLTrw,3,70,82,77,51
GB6bZTCMmqZncRSxurNblA,4,80,94,92,78
NxjUiGBNgyDErKXnmQ3s3w,4,80,88,84,93
8XFDd4uX-g5B4JJzIahPHg,5,93,95,83,86
Crhm6oKCj7raPlakwltbVQ,4,81,86,89,91
qMJyOW1FdPOf8sli8DIq_A,5,83,86,84,79
lx_HJMFpKEZW-e9_-LyuQg,4,84,87,86,80
4fbH3Yr1D5r5-QD-HReDlg,4,75,93,88,78
bJnikvRTWIoGp23TfQ0BTw,5,90,87,89,91
0x2qB4R790SX3W4W8FQuWA,5,86,91,83,79
ROMFVEFKEYi7qhyITX6jfA,5,92,95,90,85
_uMRu3765QYo0Qg1z1LKqw,5,80,92,88,89
HJLiVxuvtN0n73BASSZKoQ,4,91,91,92,90
rX9k0BJ0OM1zGKXKjfXZQA,4,91,85,92,80
IWOQNyRqWrnqQA5K49eK5g,3,54,66,57,79
Pd9cq5LkReRCNsgyh19wJQ,4,89,88,84,91
QjZNLqhYjGSSH3yyjB8fmA,5,86,88,88,95
8B1TIuaqhaZ7QMEhDUu-Gg,1,24,22,33,42
yvwK4MO2qnSZE5ggYGyk1A,5,93,87,84,91
WjVTG8dxmNpbvfKO0gH14Q,1,32,49,49,30
KXGkJy-s9W1re2sXqSqoiA,2,18,60,69,17
CmgNyXaBPsn6hLLtWPL_qg,2,73,49,68,52
x60RbvQEFlvImnqzuBVk3Q,2,59,44,34,62
NRLsHNbEPpQfaAYS5OLGxg,5,91,92,94,81
izSn0Go-ObiSgc90B6hEfg,2,17,53,32,22
VDMRlQXba3OiCSCpKKTIrg,4,92,89,91,80
wopyolJM2hOAt3dPRmahNA,2,42,33,28,73
kj1p6NwUGROOoqNySf0I1Q,5,76,85,89,93
6i_ai8qjYjhxDV988ZRWFQ,5,84,90,81,79
TjnyNxBUdI68LIXggWOmvw,5,85,93,93,95
zDyv4CoaYvAgQhgr1IK1sg,5,79,94,91,78
SkZ7f-zFsKrthhhppDn6Tg,2,42,56,66,48
R9XSSEzwkmwwwqB76K7s2A,1,31,52,41,52
XZ5eG2IEqu_MuZyTZTcpSg,5,77,85,94,81
L9qDnDHSnINNjePwrJz-uQ,3,68,65,57,59
gMN6VKmu4E1EmlMYzz9A3w,5,86,88,95,81
bKoLvj4R8OUE2tFiqDvv_w,5,79,89,85,93
jcsan4Rl4RARDIuv7tXz5Q,5,78,94,88,87
iPxaFtUXxOlJ-0hMHCM7wg,5,82,93,82,90
oGlIOWdOcAkq4_8IShjQgA,5,87,92,80,93
AOWP-Th_u8C3qLfOlaC0ng,5,90,93,81,79
0HgLKI1T9WT3hJXskDtUrQ,5,81,90,83,83
riM-pBsdqRRVXtAVbLfsxQ,5,80,88,95,92
yet0Pww_ouW49T7V41ecSw,2,60,52,29,30
xAVj_vQj9eTHorWMxY4CPQ,5,84,93,89,79
M8Fp8K23OeMS4dr35vbfjw,5,85,87,92,80
Z890syqhhoShqFnIyIu9EA,4,79,87,94,90
Athxc1MbotCHRpKOPNnBuw,3,50,66,30,17
MEJsTLArqRJgHob7lhgSzw,2,75,73,45,54
vhIJ91MDgUuk4Cr9Kpj1Nw,1,53,24,40,38
1UweGrt6mgiTCfsmLMiUxg,5,87,86,84,91
y4HQ7UaBJaa7LwgDqfFWgA,4,89,93,81,92
hAioxEk3WU-SzlqIM4TI7w,3,55,60,44,15
pdF7iJgA4ViACgA4t1OymQ,1,53,21,33,22
ZUz_qc4z8bTOGUoa644eQQ,3,33,48,16,22
SWhHaWFuijy_KDs0zVCJog,4,76,92,92,95
SOwXfqwUr6NWmbBS0tx_GA,5,82,89,87,88
nR6190BfeXH5qmk3f4jwCA,5,88,95,88,93
5EIJCSrXLHvM2HEoKCejpw,3,57,93,19,42
nBJvxIwO1wU2DVqyQMczng,5,87,94,80,87
fckUjXz1GKpafT4x7-MVJA,1,27,22,53,19
dEV7S-n0HNipS5XUFAaK8w,5,91,94,92,86
MAUTYES01tZGlZzAOCSnng,4,80,90,93,87
DKusRJUxgsye1cdrlGgQOg,5,83,88,82,78
JR2ma-JU1CO_xVD_p5-RPw,3,90,66,75,40
prh-RlduJU3z3ynA5lU3Wg,4,75,92,85,88
VfX7rhtX03yNg56ISz8gVQ,2,62,36,54,41
-KsER702IEQF7QOXANuAIg,5,85,85,86,90
sahppzQJ0HtvMC7L8ILTVg,4,81,85,89,85
Bjn-GQg6hoUOkew7tTPcLA,5,94,90,92,94
u6_qfV--qVopLy3jhbirjg,5,88,88,82,79
BTENr68s2xysZtOAcf6qTg,5,92,87,88,80
VJz2DcvX47i-wqlQ0mQEzQ,3,34,44,72,26
X1twjafYxMCpKt2MqvY5Tw,1,38,40,24,24
b1s8c1CTlHmLIlNGI9q-mQ,5,82,88,90,93
p4KtWurOF5MgWipav08Jpg,5,75,95,81,86
SzHP4_x-ECuBDVK6npb-Ow,3,61,37,16,72
vuHzLZ7nAeT-EiecOkS5Og,1,40,20,21,31
_DMrezN4Aq4T_7VmUjdnpg,5,95,85,91,94
FtLibezRe7HsT13BLpR-Dg,4,87,86,88,81
aqMfCbFNeWn1a4Evds83fg,5,75,89,90,94
rbreGWFCGNnBCEakGY4F0Q,3,53,20,33,52
fC6Zkye_Yd_rf7CJZ1C2VQ,5,95,85,92,91
ZsThT0P2-_qYemYwPJ6qbA,5,78,93,87,93
ti7UmThnMV34Juvib64FhA,5,95,86,80,88
zB4TOI3Ci9BOidw55TREbA,4,76,93,86,95
n43SvzsYHO_4UTC_QwrZKA,4,92,86,93,90
zI4zrcOIePiEAQTBB2dCHA,5,78,94,87,79
p-9tfaYQrfz0FlvsOVDVUA,4,83,94,93,88
ormVt7XAMLy3DP1tGcxUEQ,1,55,24,48,44
WfXBS8eJP4GGXVTCIIbnkQ,1,30,22,16,21
gr-10WzRS0GsZ36N9_PTPA,1,24,36,37,50
u2Z7wvTpZJzQEhfFBS-06g,1,44,27,35,20
RetPg5rBPO6YoyaCdI51Hg,5,93,91,93,91
lpD3xIYuVaQA8xRSlKwn-Q,3,63,71,31,27
MRKRcM5ogwRuFguPPKOKfQ,5,91,86,81,95
LsmAjC6kThIx_GZtID_FRQ,5,92,93,93,92
0pMsVlUu_MbFqmvbA8F79Q,3,77,57,66,79
ByZcAtm7-QuSCplgXK9PtQ,2,70,45,73,34
7dtcBJH9qxtxx1PWnzT10A,5,92,90,81,77
wa8QgXQu1ZxwPgdRl9lYlg,5,79,87,89,79
IrXlXhmSHlIllxZSAARjLA,2,70,31,71,44
3IVCHZaMILY5LZMi-tpCJw,5,95,94,91,83
HjXI6lKGPVNQ8dYJPtaOCg,2,43,54,36,67
j-SSlq3__BQr3H7lAyVvkw,5,92,87,89,86
gtAMKvGxEbdFgp0ZNBlDbQ,5,76,94,86,79
u57NiwOgUMb6CFg-meca-w,1,17,43,22,53
eKcdE5WHnXBd6Rws-vicZQ,3,76,42,52,48
lI06p86a8stKoXSUPfjtsA,5,92,86,83,88
Cl5PHhHfOzimUTCWjC5yNA,1,50,49,49,48
QuybD_bJcAB2CHcpTfREYg,5,77,94,83,94
HwjhWHbNp56t-dRiv3-wPA,5,77,88,95,78
LBAkHJJfCoDj9aa5sc0Mxw,4,75,94,90,78
WN5ON423ZCOy3_4F6XYikA,4,85,94,86,89
DVhSFWIJKk4Vo8fjy_JfcQ,5,79,86,91,78
7QSFLU0AGAUqwnQWg3qHqQ,5,95,91,93,86
lamNK6ivdxNxlCnLu_uqBw,5,75,85,90,95
IDXSRYKyfVGNGzmlFwLNEQ,5,76,93,89,91
8PBq-MHyLDrhkaTf72Foww,4,85,92,84,80
HeoiKMh2aPzWRq5ZQtSb3g,3,20,84,93,54
-tcJmqzfaeEnpFMAelB7bA,4,91,93,88,90
BbGs3XK0x9NEImer3LQD3w,5,76,93,89,91
JwWeolTHTWRDdbT0Zb6WLw,5,78,89,89,95
CaF9FC8GEBfDDbptPgkgBw,1,21,15,25,48
P69sEJwyoUqjBXiqjkKwDA,5,76,91,93,81
dnB7SD38_lwiC9E-BJxq-Q,5,92,85,83,82
9D7h2xfVJrGkkwXDsnfV_Q,1,44,40,50,43
eHvgW9qj-CsPjWmpckJeiw,5,90,89,80,87
-s_U95xEEmJu5GK-srqpUA,1,41,46,37,33
9tayZB1GjSTttFNKo_PMjQ,1,28,27,17,51
2GmGT-7QjowR1ihup3FbVA,4,89,89,92,80
ypJMOo1eNGreGMfP6FUcFA,5,76,86,95,80
qX116WMOppAblGKxoQwlYA,4,84,95,80,79
v8QuF4YX9Bb-qEtKLVPrmA,4,91,94,89,93
QbtJvTQfTFbPqBhjkI59BA,5,86,90,82,88
U8rHQ_Sg8A2m291Y7WEfIg,1,55,49,35,49
9mIm1ef-NVDQHFE39Faxxg,3,48,18,26,37
CX9f_vR0DFEGOpEwFt-jKw,2,69,30,18,21
HOmUXgWOl37CaLqmrsPwuw,3,58,35,45,93
QMaaLfedGzNhHz6PZKAUkw,3,66,76,49,60
-4g68Hwm892_KPUuW5g1_Q,5,78,92,84,79
q6igRYs2UTO-4nTwlttrAQ,5,82,93,82,89
_KjKBz_ouqfheB1Buw7yYg,5,85,93,87,78
SYKIUCvN9JdSkVampgccfA,4,92,92,92,83
Cwv0Mv70w8fNMd-ApwSnUQ,1,38,46,30,41
_cA8tCqZgTDQe9EPNmzp4w,5,79,91,80,95
3jllr8N45pz05Ygaw5ojrg,4,76,94,94,84
g9oCVqOhR4vg7yvtDaEIkA,3,72,66,81,17
utoTa3Ngv_oSfB5TIMgN_Q,3,37,64,86,60
GdPWJo3z4ySEXpF7Wkn3FA,2,47,64,28,51
Zt4ljpwfmBufatNM1zPNcQ,5,89,95,89,94
Sg9R6OwNBq5Zf-kjiVBxuw,1,39,34,44,48
ZdGWAv90dY81kpKzMLMvvA,4,91,87,91,88
DEBqmgxv2yhJ93LqGpKltg,4,78,86,85,87
WN3Y6tP5MT1ugE0dzCHQ8g,2,25,59,43,43
WfKMxqFMDmCj1fhtxDd7rA,5,83,95,86,92
ZrFqa9sUaF_X8wbNz29Qbw,4,92,93,91,83
36cByhAPNsbUIuJ59oUVGA,5,93,95,83,78
J2WGpC43MJDKxPRAcWx-tA,1,36,34,48,29
9kjk05G50XWnmJQBz_wcnw,3,16,60,93,28
Mul_BVwcnhqmp2h_7QFepQ,4,94,92,88,81
NdRJzLnVLV4ia09F2rWK4A,5,75,86,88,82
tgub8uhOq8qjVrkI5IabkQ,1,46,43,51,31
rBTlmcEEQka-7cdU6ByrYg,1,40,21,46,21
DFy8RPRTheb01pQYfeQ1NA,4,87,91,86,89
ad0LjmuXhUGBxTSkve5LZA,5,93,87,91,78
V1hH7vAq5wNDo2P3z8zJLg,5,89,87,80,86
h301hAHfIGqVYIlBzs5EgA,3,22,35,41,39
Ln_wIiEtyFCXogad7VTLfw,4,85,91,85,90
zS3-CKZVVvUYvasJnAg-aA,3,77,69,28,27
iPyhXWQ2LVSgBlQA4vqKJw,2,44,36,48,42
h-Oq86DZfZad9kKXe8m7Lg,5,84,95,87,92
SIVi2UQp1UT0lMIoqHP0QA,1,54,15,16,19
1_v_fooGLY3FQkO5tH3m-A,3,31,93,40,88
5euk5_UKqnAWcrbOPNYt0g,5,94,88,89,95
fTQra2F9uRDzgDWTaVe1yg,4,75,85,87,92
ILZfAtetYvpp0r0Xs8SoHQ,1,49,21,16,39
JC6zXzCqnF2s42-Hiq0TRA,5,77,86,94,83
stPpU3S-OCLZOoxOwgJb4A,3,35,17,65,70
Hcyj_YtGz1zaxzQbBuu6mA,4,83,92,88,89
py474pAs_QPjv2766jLBLw,4,87,91,92,84
R1JAHtDMfprLAySXIIAURA,4,95,95,92,89
PhMfnMldVKXo7HqHw6DSrg,5,94,93,84,81
-8QlV3b_9H4BAh6LgMIr1g,5,79,91,87,94
LRnzpnNQWwpN3Bu24W53CA,5,87,90,86,88
QZJpXx1TbOXqzLx6u6xmaQ,2,25,24,64,34
Pj9DDbTmjBEKXezLb0qmTw,4,85,94,91,92
nChi_8Gygb6NUMa_kg_tlQ,5,83,95,82,85
EveFgxNoHkrs8ncSjkoINA,5,90,86,82,94
EuPaczO6rMpDMrn-GtE_eA,5,93,95,80,79
FwZi-ipVOLgq9tJkb3W5Yw,5,94,88,90,95
wiqTY54WlQVn6LqZASrUUw,1,20,19,48,55
UZ34XAw1GJ3chCOuKL69Mg,5,77,86,81,81
jBibtpiC9BlXulZdGevK_g,5,77,92,91,77
Xv3d5FLutLgrlNfcQ7gR-A,5,83,94,84,81
IodEvSRPqtsrGcDIcCADAw,1,36,37,26,33
hdgYnadxg0GANhWOJabr2g,1,55,42,17,24
c58gaNROUk3ltUQrpl6OJw,5,84,91,86,88
EUg6vHQRLHRw39bmompHcw,4,92,90,93,82
GBuB1uV9NRrtaLxZoVhi7w,5,91,95,80,83
aghhw3q1j3XI7QB892NqbA,5,91,93,83,79
3a9k2JOlNyOE3GKwwZwfng,5,78,92,94,91
OicSihRji2HmUlv7_4YEBg,5,92,87,91,88
POO5_d0RwzjJVhIpN-oulg,5,89,85,80,85
Yz7rfHjytl6Yn4_PiK2HsQ,5,86,89,83,80
x2NuIlQgvvl3Wtq8ipZC6Q,5,75,88,86,78
LJZrIlsx3DTP_y5vp0tKVg,5,91,92,93,90
mRbwm1Hkg6LjkcX_P3WWZA,5,79,94,95,91
xn01T3wnHhpy7MF1kEFA6w,5,79,94,91,85
EfymQLarLpPhm2WX7uoVPg,5,91,93,82,80
jArpBM9wonbYrpiQ4Eac1g,1,47,15,54,21
h1MxTLZ1b2FkU6ituL1yHA,4,89,91,84,85
SvNzj0dE6UMFfp55bIze_A,4,93,93,91,90
JRZS6COIpVkuXLf0VayFWA,5,91,94,94,94
ZtxMIWkILccFuGfx28Hx3w,5,81,85,81,85
VTLKqzjBLf9l7nGJJ0xewg,1,29,51,33,35
xpd4W43hUtoBYc6dzo-xBQ,5,81,91,81,92
sNBaDJM4Khm1BbrBRyrMVQ,5,85,85,83,84
6C_8Mh4lmLc_QEs3hHleBg,5,87,91,81,89
_YfwjvhsqDPLow4775ZFEg,2,57,30,54,18
CXZTRts90FaJX3D81DQrzA,4,89,92,92,94
oLod-GlOLEH4KAvyddKuQQ,3,23,70,66,42
SGWbqpbGjNjJ51FHLBTlWw,5,89,89,92,81
E_eIph8IT10Uo06ZdWwoUw,1,49,44,24,28
R-Me-p4Rbb0q-2pjSzyDbw,2,74,15,53,58
VGOpZ15XmabMYuxW1J8zqQ,4,85,87,89,94
IRnQNbsjgVjW28YYiZcJJA,2,36,33,20,24
QS2kvdgJ-X2cUJrxBWgT7g,1,55,18,51,22
uLL2uKqYnPAFwBw11LzDUQ,3,31,37,20,91
VO-p1uczeMbzH8bEAv-RgA,3,82,31,36,28
Jc2X0JqdBupkOzTPZtbcWA,4,90,87,92,81
eeDcY3TD89COiaZl7dP34Q,4,94,93,85,77
pP71Ir_U2uKU10f4vwA7tA,5,78,86,85,89
l7FP9rg6iyDnjFOnifv7BA,4,84,92,82,84
3jy3CXO6gVEat4uB-E2msA,4,88,85,86,80
BLISNIoF179UUfCBTxNUOA,4,92,95,91,84
hmYnzs8-aHbltaOOGDgmbA,2,58,63,26,24
zUgDrRtGvK5ZTFlHCsTHwA,4,88,95,90,90
qlCmHxsQ_9jsV88Fg8gWag,5,87,92,87,77
Zw9wEAk9L6oTZi63f4zVvA,4,81,90,93,79
W9NUdpRX7gLXHLM2-NeKeA,3,79,93,39,77
Z3GVMJuFuGhf3rweIayJ9w,3,20,22,40,38
1hkksm102yQY1DyfTPSzmA,4,87,90,87,88
w57TpTKCHN47Cgtajm7_KA,5,91,92,84,90
zaOer9HLHFkWUd2_Fi3rrQ,4,92,85,87,89
hVC6E29dg5Rx4ADSxt3kTA,2,15,22,23,49
3ky17eHU-4gSl3knpI__-w,3,17,59,23,31
lDUMAAO00YSmMO6h_9YLCg,3,59,19,82,44
TgmATA24L3CTDn98c24RAQ,2,44,35,23,53
E2n2pVPq9oaPof6VYeFiwA,2,56,66,19,41
RbFLWFg6TQpq0kKhAr6B7Q,1,21,46,30,36
WPUf-Eo6PHxDNqPygahiUA,3,60,86,39,41
G7Ull-QUaNXyPwtEErHZ8g,3,63,39,48,93
fquV3OV8sR27kifYolHn_w,4,87,93,90,78
H94fBucKEuNKsjbSy7WODg,3,28,62,22,42
YGaowC1J4GfkQYyYLYWnQQ,3,42,27,76,39
fDDL7yxkCs1qniw0PzVT1Q,5,95,95,88,79
OoYwJANV9zD-_OA4Atu-gg,1,25,27,38,40
IB94L7whVPjcFLoCxhNfhw,3,43,17,81,63
TRVxECjXtoqqsM7PYUKmIA,1,16,31,29,23
EHgGscaiJBghjZVT9hsBFw,2,62,17,33,45
E9quMjGRkDgRYh6SVTaHOw,2,51,34,21,63
Z2L0j0MZ9m0IwaWmcvnxGQ,2,63,39,74,67
2Ne7F6TMuUdRUGhyjj7abg,3,24,23,89,71
5idlmsT1O86_ywGJtqot5w,1,55,43,20,39
puQ2WGO0L2KvKqNQCJYZRw,4,75,88,94,82
0xfVubbU3z8O2NcuEYSQNg,5,81,89,81,95
szhHLNACFt74BtdSY3mDeg,5,88,92,89,83
rf7Y2pBQOgQtf2UsJjQSug,4,95,86,86,79
dqUihMM3SFPJ9GE-3bAlpQ,5,89,93,86,88
vJvEKFtQ8Am95tWEkiwOGA,5,89,87,87,85
ELUUibdDcrZHyvE-e-QsVw,4,95,91,90,80
zT45hBptOygpgCddHZRsjA,5,92,91,85,77
IRpZS7EmmBeSM7oBnDd5iw,5,95,89,81,89
qUMPCi_h3mkrmCBUhXP4qw,1,33,37,16,24
tsSJtuCbAGIYo01rUoygtw,5,82,91,89,87
-IZvuqxekWEvJqDw308daQ,2,19,30,26,67
IK1XaujWC-znIGaVE0tbBA,1,40,45,55,50
2VdCHCPFzow7zcBSaPMbKA,4,75,92,94,84
6gFcUhaYdinTbIhO2pcvdg,1,15,41,37,25
tPaweigPsXacvQT8daYT4g,5,80,86,85,86
bEEIrHfXCiqCix6zG5IRqA,5,95,92,94,93
UBj-25LU5dxJ9meb-TPc9w,5,84,86,94,95
fQclKmk5G2_g98cDNPvj0g,1,29,29,21,34
BTCyGInJYzRTQVBhZvC9qw,1,19,24,49,23
fgpqBO-7oF49LzIuNDT5_g,5,92,86,82,86
VtmNIqIxPNiOcp9J5e4xqw,2,39,66,60,43
CRVtzesMuwHK-phmS_ojaA,4,82,95,82,82
4K5NUsinIgtq-yuxdp2HdA,4,80,91,83,77
B5Ik1CENjyUnmb3hGotsuA,5,91,94,91,81
kXs6bmFzB6s_BBVkx_2VEA,5,78,87,90,91
utR8Ei5_c2CRAIffpYtdZQ,5,80,88,92,89
fSJFRzOF92gBuJ2ePitCEQ,4,94,90,85,81
OD09pm-MzynigAvD5KoGPA,5,94,92,83,87
nDR44qJoC2NZwhy0RcIS_w,5,76,91,84,86
xMJc28b9WxFZVedLzrNhvQ,5,89,89,85,93
Y8tLwAVO1thFRjVgt0TZ0A,1,53,22,42,54
Ec8fKdO0oxZNOCeG2ThwpQ,5,81,88,82,84
hw_KHdAfqpj2_rtomBlmxg,1,24,32,24,40
X167A2IScyfPY8B8UBb34g,5,76,88,80,79
bkapAjFTCxa8gEV51cI6ng,5,85,93,88,80
LWvrTFkCSLPGldJqccGHhQ,5,84,87,92,88
ZDoqO7cSDoWGNi-8OV2-Ew,1,16,49,41,32
dEi4_bO8ydNHgcRNKV8q6g,5,81,85,90,86
C2XhRIxtylJO1XfC54f6oQ,2,20,48,20,16
scKBZXRbjbUOUX2prVrWVQ,4,92,86,95,91
vXE5FtU4RXUemkjXYjUXWA,5,82,89,90,90
R9osrGLOriBmKbYwXpWvdQ,5,88,92,88,91
HFyMS_9yLaYN7GIcXzcboA,1,15,25,43,23
_TfOkj6pt11O3ZwCv27MvQ,5,81,94,95,85
wkqoo1p4XrEJv_VzNQiZAA,5,89,90,85,83
Yoc9_4sv6AT1AIohPPiGbA,1,39,43,50,45
x_SK4kvfWdCDDBmA_ErxqA,5,75,95,81,83
WBxR9IC6E9-4szNzq7_Y3Q,5,94,94,86,81
068SDTbi41-7CkR-r2guiA,1,46,49,21,39
azjE04y7QcqmpnJH2ldDZQ,1,54,55,50,50
LIIBIP8HedzuM3Ym5Pcvyg,5,88,90,81,91
Zrn5WtnkH2QXfHKd5Loomw,1,36,18,42,23
_UfEWbhEphABjkDHCbqe4w,5,85,91,94,91
vBV5IbpTgUKuu2HlneE2NA,3,31,31,58,25
7ktiaN-J40HFwznCMpOjDw,5,94,89,80,80
Ly_z24Lvt5592TDSMQ0KHQ,5,77,85,89,85
DEF5yv_BfLzmzPKwySb23w,4,83,86,84,85
bRaszmMXirJWLdK2N0q3UA,5,91,94,90,83
5ypkaiDcybqchiuviIes3g,2,41,26,28,37
Wg8MoazR1yW9xbAr2jR8Nw,5,92,93,94,85
5SJIUeayoebPjCaSasfWZA,5,83,90,93,93
WWqdy9PKOSyhLgHIGaNFrA,1,21,34,29,43
Tp5bR1WX1C8g74rYRR_AIQ,5,92,85,87,88
9SFLWjb1wmEPJED6EDYUkA,1,27,26,36,48
XUwYk6EAIdh3pNPgWsdiEA,2,59,62,57,43
rxb_aoT1B0pHvzcV685QFA,5,88,93,86,78
6W20fKnjqPTSU2irnSVmSQ,4,78,91,92,86
YBH3_70G7a7O80FR5d6ZTQ,5,89,89,83,82
2oZnvLm6SEYDv_lBvFW1Zg,5,81,90,82,80
GUVfoORQiLODnXGVIEn7yg,5,93,86,83,91
sArY4vj_AtHLZoKHscD4ew,3,66,31,68,74
GqHbCfeLISeke9boLt7zyw,5,81,93,80,94
JclZSwGl5SEvwPd-4RszPQ,5,94,95,92,83
EPl7JxQTLmXbk9GdWeXgVA,5,90,88,83,84
8l9IhlS1FY0zdh091UC3Kw,5,83,86,83,82
XpnkPS-56dYTdjwC8RRLuw,2,28,52,66,50
vK1_qKEG7zHvjiTOsN0CRg,4,95,87,80,94
x9p1WdRz7FSRy0Q38PiGlA,2,34,57,19,37
hH36Av7cncv499KS3kjcXg,5,82,87,94,77
eUw1rm2UBbpMQ3Vi5okzPg,1,22,31,34,32
qPc_J2M56_hBHvqpncNVfQ,5,85,86,81,89
ZXcKHmf-QxjYq2zVqN5UYg,5,75,87,89,89
4uZkUUbl6dr_bjmS2QNnbA,5,92,92,91,94
zsq3pzBUTf8QZAChHN2urQ,5,77,89,82,95
YYF4OrDT4GYQ9zLxmXdYKw,5,86,90,94,79
hI6xuH392R9zfTeQe3cO3Q,5,90,91,90,95
l9B72QwKjUhEA-pLumCa5w,2,48,35,24,28
9opBpj_d1TCv_J41dAUhBw,4,76,92,93,88
Wdz6G6q7WeTaJ8m-YtsSdg,1,36,47,39,33
n2unS6CwXs2WeGbT7Cyv9w,5,88,94,86,94
4DtjA7EoxUSyWiXEuElPVA,4,92,88,94,81
N1kWsUy-JO9YnYeHNDc-cw,5,95,90,94,93
V_2-bxKWfVkOrO9ym7rMjg,5,87,94,83,83
O3PiNOj1vv5dCCywdw3_og,1,55,45,52,38
jqgdPl6C5TMic5001TCY3Q,5,79,86,81,95
3genf54wZ38pMyax6TRevQ,5,90,94,90,84
DaVnpKqjOaYNHQ1UYOpqow,5,80,86,86,77
XXvZBIHoJBU5d6-a-oyMWQ,5,79,86,95,91
e4h-sBBD70pn1RuAv_Q61w,4,82,86,89,79
ZARxy5Orzk9Ocay0IkU_-Q,4,75,88,90,82
eVUmrTEqZeTKLdCS0Xf5tQ,3,21,27,86,85
AT11KKh8xkmz2sRLZpzIxw,5,93,95,90,79
ioY-a1TntpsAGJAG5_1Zyw,1,50,33,39,25
v_FSmMbFHbsJS8G-fqx6Sg,5,78,95,86,90
0FgFNbsWQs2kYuYaWHSIYw,5,93,94,93,81
FN6tpn3KMTsrcGpDZzVezA,1,18,45,29,50
XGMpMJ94OyHmAYRVMdEnGQ,5,93,87,90,93
wjZMgmD-zljbJz8rBHzLqw,5,87,86,94,90
f-7sTbx8u7c9t1-r_Fdoow,5,75,88,84,87
ugLQ5AP7pSrCb0uMhS-UXg,5,82,95,84,92
fXqlzAM6PTXUGrU4y33LzQ,5,75,90,80,88
J5daYIrc-WnihJ5H9lyJmQ,5,79,88,86,89
PQTtKaBK_WdvLm-zp4fQ1g,5,94,88,86,83
O_cvS8uAocco3R3Pg9np-g,5,91,94,95,81
n1AWiP49A5ROroNnbtm0ow,4,78,85,86,78
Nh5gWjOzKQOb8kSq48uaoA,5,84,88,82,82
UJb1PrUWDFfuzwUPc1pP4Q,4,82,95,94,87
lWjA_Cv3H-yD8akIXLpt8A,2,24,38,40,26
jns_WfCyWfMSQOOxEfo5_g,5,79,93,95,92
mQiBgd-9GzQUTmqzfKdPfg,5,91,90,88,81
tL9003ETHUAcHF-eaDQd1Q,5,85,89,82,91
4xkjmpgUNJdwQo8FKIYp6Q,3,95,85,54,46
hq17ShjPKHnGn5DGnHrsXw,4,77,94,84,90
XXQEEaYFhW_RAMd3WzGmjw,1,33,40,41,54
D6RDpCS1lfgZdPuLHlpsHA,1,26,41,36,20
aoRj9T9roxt7K_Pgqvln3A,5,77,94,94,89
qBvBYX-9HMbZvMB8x5JSzw,5,91,91,81,86
w4CqCGPubjKRpNsBsW7W9g,4,89,92,94,95
nW4UcZHFbmKgTTkmN1vx5A,5,94,95,86,92
429gUSGErbzig8xgf_LB4w,5,93,95,87,91
LjTK9yifZBHgj2HZn8Znww,1,17,34,34,54
zmpH9eQnahsW702YPVUzpQ,5,95,95,87,82
oFseXpQzaAE3_Fco0fsMDQ,1,53,25,47,27
U2W22Vy1oSs4G7W-2vdQ4w,1,30,39,15,39
K3A2k19HhFwh00u7jAvIsQ,1,54,48,46,39
jk5q1HemVf7ryFObf1pDmw,4,95,89,88,95
FQlaetp-MdewsWwt6iby8Q,5,82,86,89,80
iRCgRxw33qEg4GlKcFpKvQ,1,27,53,31,23
oSxApRzEpA9lvue52ZSecQ,5,94,85,86,89
p_xIP8gXFhAVCjftc3l9dA,5,95,92,90,93
kC724vu3KdP_6QqiqbNAog,5,80,85,88,93
Ti_ic3yDOlc_jeyBvf_MOg,5,80,95,83,85
t61eGISz7qMOxEe7o3vwEw,4,77,93,93,81
SnpFUqKG6ZjurXYq5wZU_g,5,93,95,81,85
krkgXOMQ4rUCkFn43gvnSg,5,93,94,93,90
ZMp18tQQTjloj0pKSdENBw,3,76,78,26,30
na8sI8XoJSmPhiQ3MXsHSQ,4,87,86,91,77
NN5WoxeBHCwyfeopeS9hJw,5,79,95,88,93
VGBSw_36OQLh1b9SwUyW1g,1,34,43,38,45
lOW5kH6nHVOYfmoAfpWvHw,2,36,54,36,73
Dz5NDfPpXcID1qJbEfre4g,5,83,85,89,92
4jm-et6RMcjOkmrC_IcuCg,3,91,48,45,59
Ssk38csnsCmFpdewUxxVZQ,5,82,85,84,86
a_F_cD6n4UXT-jIo7kqAlg,1,22,21,21,25
7jhZtZjKc-uKOWsC8z7r3Q,5,80,93,91,89
614VPl1kNHVG3Cc98w585Q,5,76,86,88,88
pVm4vDDX6lhQKROqOox15g,4,87,95,91,95
euhSHOJzcYrff3B6F-okkw,5,76,94,88,91
o56LV-WnalGB0URVvoOh4A,4,89,89,84,90
KMYLwjpx6cjanynnc4mJvw,2,60,37,73,24
8MLkBZY6whYC0rpGIfmqbg,2,23,50,74,49
IM5dPxctFkpQDkwYyHQx6Q,4,89,92,82,86
_5BaYz2A3l2SJvA9Hv6POQ,4,88,86,93,82
DV9hrCAKTx9D932ZOd8t8Q,3,25,26,89,32
KKRG0UUeGwaYxzi6Hg86TA,5,77,86,89,85
LxNoSrtJYB7HvP5I-8p-Ow,3,71,21,72,62
W4LRU508M_TRjShk8lqVyw,4,86,91,93,78
r8hVqm9DeasZ0Bf2KMhbeg,4,88,94,89,95
ogWjp5Ys4fQoDUOU9r7kAA,4,83,89,81,90
YYZGRUCevWS41VZFxp4rrA,4,86,88,83,90
VcDKXH8PsnrccsotD60e9g,3,55,94,26,42
awPIH7K4WA5BKJfiQlZcow,3,26,20,41,68
T-0707ku9Ovt-Y8fLA2TrA,2,59,16,68,42
jbwyl98wXrEKDkgFz2PiwQ,4,76,89,80,85
ckbxCijGN-zUK_QmCPoGcQ,4,81,93,90,84
2ktKjN5z8EcqmUv6EDiDgA,4,78,95,87,79
V7DO6iLsHZnR7qS-FZMj6w,4,78,85,85,93
YZGAUc8CaWWc6ICSfeecoA,4,86,93,82,77
Es9EveyTloWGdgV0XFzDNQ,5,81,93,91,94
0jyyijQ1EsVMMHB2x_GJyA,5,91,90,93,78
Ffzhzidm9OesdEzR-MLuwg,4,88,85,81,79
OAWBoum2byFC-GfARO2bfQ,3,32,21,87,54
krAgdtJ-2CcNGpuwKCbt9A,4,82,92,95,95
3wGsvZj5-_YtM-4D4JndDQ,5,95,85,87,80
YmOWkved7K8q3eXgf4NNnA,2,62,33,68,56
bZ3-_GQZkHv5YI_zzqLNWA,5,85,92,88,84
fBxDUu5ftmNHbbX5qD_FcA,3,34,68,82,88
AUhevEi21Aqu-ISgaTcv6g,4,82,94,89,95
tklfNgU6O12PyN6Ss8r8nQ,5,82,91,92,83
pwIRcdI4fqIryZ5UEobzDA,5,81,90,86,93
aLMPefURoeWLDThyik_f6w,1,49,25,46,28
0k_Ax1rXz2lq6p2OThlOUQ,5,76,89,83,80
xhBEkI7MfrW1RZxfDAI7SQ,1,18,49,42,25
HutsUcVbARYK_ye7lGtKhg,1,22,18,47,42
JYQlHeAyVLmxdQfxDD4kFA,5,90,90,80,79
JBZzE2ZJe7l0iEwQLjCJzw,4,79,87,81,79
vGRgynaquP7CNZIxNYmYrw,5,92,87,86,89
NXU5CcXh2y0Ns5OJQ2wkgg,4,81,94,91,84
I3SNxHwSCuIrUMzCZJy0bQ,5,83,90,93,80
CoHa0hNT2hsL8RrbocYJdw,4,76,93,84,89
Wrd9LAbc8IOoAS5H6uw9sw,4,88,87,92,80
2lYMhZL2oHUpOQ2KjR5aJQ,1,53,24,37,48
uHL42yafZRYWHfQ2uaS2uQ,1,21,31,48,38
ocLr5R3t3jk5fu2ITqOnLw,5,79,91,91,81
JKEIo6UuQBoshtaBgk6FxQ,2,69,33,46,45
1C0dvufJgfKrDFfdsxai4g,1,35,54,17,25
ACb637NG7EnswRs8U_BX_w,5,82,90,94,92
gVEJPnEuy3wf0EA5OJEXGw,5,82,88,89,79
pdr6U7qSa9jIivVy_glF-w,4,93,86,94,88
UUEipaG_KEtLc9YqgZxY7Q,3,35,30,82,69
QNraL-gIxGAeXY2bNqTDdQ,3,35,35,85,30
jhnyhUR9so9OMc0ngrQIZw,5,94,87,92,84
BAPEDmIhR7V-LNNvWpJcHw,5,93,94,90,95
drbFGv7CoLDH2OheDUwUQA,1,18,28,50,21
OoKNxTMu5YAaNgQKQ4SrzA,5,79,89,82,81
MnacJ69mthATr8bwImvdTQ,5,86,88,89,88
KfxPrJ5PzgFRm2XltnbBLQ,1,51,44,47,31
qw4tcaoZqWSl-jSoCRZzOw,4,95,93,84,81
-krioyG0QCtBH81hU56Ghw,1,55,51,35,27
NEfnmr0PfdRlVFmo2GRSgQ,4,75,93,88,81
xxo0GsAFxQzUGStmCG6jWw,2,50,58,68,66
Nm-45TlwfszqbJtaIalbtw,3,31,60,19,72
3NB6yq9cCJbaWYP_u7C_SQ,1,37,52,28,33
upaurO0GyyWqb2o8IKNeNw,1,31,18,47,31
_9W8i0ZLcz8oCsjQIc3_Ww,3,58,56,34,24
t53w4JlkxTau-G-TzhSWog,5,76,93,91,87
lm9gDpvhJcZ-m2Y0feYtkA,1,26,21,51,43
93kdIq8Ao3KJgXWiuD4ZIw,4,75,94,91,88
5GoBfhIyEN-BMzVjO5QLeA,4,90,92,92,77
vU8-ATy2-MASm-bQXdhRaw,3,15,94,24,38
6XoPAnDoqujoY6FHYc6lPA,5,90,86,82,85
03Nlnwr1h-0CH4Ak_CQGyw,4,85,88,90,81
EhFpswgt9ifFzGOGE3Cpcg,5,76,90,89,85
LEYZb8jiD36RQTElxy0YrQ,4,90,87,85,95
TxaUpMtBLqXBe8wIJ4x6oQ,5,89,85,94,95
eDw3UUcM_T20WrsKldracw,4,86,92,82,89
4epAjbpoXbERNSileO0Vlg,4,85,87,88,79
ZUyWD8Rs_JY_yzw-t6VTBg,5,77,86,93,91
22so15K1aqikL9FHt37CSQ,4,91,89,93,77
dSEcQPPUlATxZf5pvN_t5Q,4,77,86,87,94
JwyH48vqADWY6HieOMDxgQ,4,75,85,93,80
ggZ5fXzWm_oKFMAHY4yAgA,5,86,92,88,93
bFfWZ4TEyejefj4yk41M5Q,3,22,76,66,48
SwjDIOUA3zFpHptkLe3KCQ,2,31,70,50,41
n_xqf8Es-k2XBOneXfYGRg,5,82,90,95,93
eN8mkjt_q686hGKi-A9ceg,5,75,87,84,79
yeTKcKUlTq-W7EJ5hPkqbw,2,38,28,48,69
MAKG_gI_r0nlDvh8ciYrhQ,5,94,87,83,83
I-VD-o4JDGSG5GHQ2EbrVA,2,74,38,67,37
tXUYqvRnA1m1nLxXT3Yv-g,1,35,51,17,24
Y_3wdqZUoi8qyW7ZugIQNw,5,88,93,91,93
9gPQvgpJTIt0yaYbCUOnHA,4,94,86,90,82
EiGzKrJIwnwWwAlyvwjpSA,5,82,87,94,85
Uk9-e66y4oWIZ5u946iJiQ,2,26,70,41,29
rhKzcgMm8CDhu7RZz_XxqQ,5,84,90,80,89
EHC5DREBj5BxVElWQsUIew,5,76,89,80,86
Z0ukPkDOC7GqgS8xAMuI6Q,3,58,94,45,88
zfiSQ1dl3vTJ-og96eqXGA,5,84,88,84,89
uSuEv4Jh9BGViT-ZQ1xzBA,5,77,92,85,93
txoQAX_qwsValfjHWhWp_A,4,78,88,90,95
yIoMFpefEVax9hdVbWPnOQ,3,26,46,84,47
31fbLq_lHPVXB4dtj4pW8Q,5,75,90,81,79
_PIxbGyLZONKMI3MV8sR6w,4,90,85,88,90
sc3dzhgg_8S2WUSIj6qxzw,5,84,86,94,95
KjA9PdRnrh_NtN0rVxMGSA,5,89,92,90,92
qz1W23W4HafC89WIC1DJhw,5,85,89,84,87
PgpO8RswM-xOitG4PBNo1w,5,90,92,95,81
DEeGnshpgUOIOjhq_dd5Ug,2,17,21,47,48
WAWWO9PCDTDiXwkKdkw5yA,5,88,92,94,92
tZSZTtFf6Auf3ijfx8KrzQ,5,78,88,82,82
Cv3NIg9Ahl-x86riaalXSA,5,89,86,81,95
WA0S3SRTaqPZLb-KYk9u6Q,5,76,87,84,92
m8Cbph-0tlMaYyXDwvKc3A,4,86,91,94,78
3vOWSanFt56CwRJOE9Kj_g,3,58,47,76,55
bhosqo-Q1xp67iLqrd1Rbw,2,24,54,57,61
Yqrahz7JPKMoZUTE4LOINg,1,33,17,15,37
V4eBX4KO_1jfWJP_EgnLAA,3,57,68,88,70
Nimxlt2BJQ_PuSFZ3iR10A,1,50,39,47,40
_BinpQSjqtEgycxQxKHIGg,1,16,38,16,36
3k4IgQRkxpzhz2mKxR6fIg,5,87,89,95,86
IDnUMj44iEhBn8I9BBLQbw,3,91,63,91,32
SFwOkS8pe25qpaSRZ_gGsA,5,78,91,86,93
bqMEml5HIFSMo4CPfjlG0A,4,90,93,94,81
Wiz6MLKtsiRBbt_MFCjaNw,2,29,33,60,64
Hg_BvWg5ywPD1hzUw3UWfQ,4,90,87,83,83
JC9jPWS9IX6xfX_9MiU4Cg,5,78,91,95,82
somNslYhaw-amdfh2Ol6Qw,1,34,24,15,52
P1du4TYLq4lvrwJzHt1pNw,1,34,16,40,46
d0z2wUeAuqB5eSpMQ4fC1w,1,32,54,50,39
aNSHsgyr2rt1LnYRtc6SPg,5,87,90,93,93
CQokoa1vN8j6OP7dyizJDw,1,28,27,44,15
TcQW4DNawqXGACLawaieyg,5,86,90,92,89
qVri-kxCnhQjXuU4cmhANA,2,23,64,24,59
mW97sJ9JVjs_REfp6XjRhQ,5,85,90,82,94
Oq_xWfwt5uJj_GTdnxAMyg,5,86,90,84,88
zG4sdiMWE7CZAsfrM4j6GA,5,75,85,91,83
UZfkeJXeypCOIwqTz0O52w,5,95,89,85,91
2m069BaxOm83GEJMuZatUw,5,89,85,81,91
LXKVQdkTXW--JcB3ahZ9AQ,1,51,21,37,48
HIzy8IRukyE_k4GRXJ3ViQ,5,75,92,87,92
M0REssWReekYlXb7rjkH6A,5,87,91,80,79
DnmLAQuSSF6oSyNi3Dg4uQ,2,43,52,63,53
2yCau2HWo3Ta4L0RYBJSQg,5,86,93,80,92
gouIMkOjkmOvgkR1lcUM4g,1,29,34,28,50
R8YuiPjyuKZJ93mI9Vka9g,5,88,93,94,85
LqfTM00I_qAMKSinXh4PtQ,5,82,89,86,79
_MnVcS4TwnqjFT6pNb1MrA,4,79,90,81,81
KBfzlzBNUJn-MsgFf-MX2g,4,78,92,87,91
vSnLt7ZJp-esmmzxLmiX3g,5,90,92,90,91
y13R5Bhd0x4CJk7f3IKhsA,5,95,94,81,91
atAjzQ7CUw_wM-GNh8piSA,1,39,51,18,30
FsCujpVh9Za2Dl5MIYLCxA,5,79,91,82,91
ef3JvfbHxFWUXuM09NN-Sg,1,30,26,49,44
uu4lXoxQUFMXyVlhRtoU5w,5,76,89,94,93
G80M0Pvd8piLkzOvuJIY6w,5,88,92,95,78
fGVZqXadtkQa9CN6dR6crw,5,75,88,80,89
HgPMvJsTaX73S3cBNmIrkw,1,28,19,34,27
j8qHhuVSjfRPTnmzoCW9sQ,5,89,91,84,81
kd1dU6oCXpB6gMWKZgvmvg,5,84,91,85,83
w4zb3G31oVVmJUfL86YZiQ,1,19,50,38,37
tvs4Ghov6ReD_3T0_CFBIg,5,81,91,92,87
jaCOkWbIqNBO6JkEkh2Wcg,1,27,24,31,37
l_4c__U60fVeTe4IYZBR3w,5,87,91,93,81
n2HkJt3y4Uvwex5AT5IeRA,1,53,54,43,42
h8XdexOcJlfLOwXIDtyalg,3,63,41,54,15
CO_pozE8p0bmptoeVQQk4Q,5,95,91,86,83
5lZpyuWjC7L9uJfLfqIQ_w,5,93,88,86,82
3MdLnbpkvTcsKkMszUv_3g,5,94,85,83,89
GtCrKxpL_JSwXr2yxMLt5A,5,84,90,83,84
g4JypcIOoGejIncLl3OF1w,5,80,95,80,80
CcTvk2-unBwmAZmU3PlKww,4,79,95,85,87
mexmHY_BsBQnrCcp_kQF4A,5,88,94,91,89
_MzJncLDDFC7-0QLt1KQcg,5,85,95,94,90
tGHUIqqlcBf4CEdX99tG8A,4,76,86,94,78
ggUT83oyw7KQbB-o1IOuQQ,5,88,93,81,78
pyTreZlATxEx4emDPH5NtQ,5,82,93,90,84
aXsmmtepl0JZNcl3pkXqww,4,91,85,90,88
bilj5I2GPCE-bIid9P2XdA,2,60,52,45,27
PlJMs0vV9rIS9jTjSPoKkA,1,27,53,55,17
Iqu-RwRA4XfwILKQLKQZew,5,79,91,82,91
Ee3bI8VXPU2PGE_vJg3Pqg,1,43,18,48,30
-P8zE64sftc0tkg2hiQeqQ,5,75,88,85,95
qcIaV85ruI4owcfivYRT4Q,5,95,86,81,79
ePjHWTk1AzpYbuh4lFzhxg,4,80,93,81,94
YKcKWiqIhTzTnqOYWvq7aA,5,83,89,95,93
j-WyPKVDSn4WGX1YE5oy6A,5,79,89,80,80
ZQoS396XFu-CkViZnBef9Q,5,77,85,84,78
N-PAAZ7g_MsXIrUPHS9PYw,5,79,89,89,78
FsrTvW5RDAxfcOKsNk5t-Q,1,18,29,41,25
oXtNK3A31VrWb43gLnEPdA,5,92,95,90,83
PK_yJS579FjaNiCkGGa6iA,5,88,92,87,86
diAJlvbE8UrRQ9RN2nZ5Tw,1,36,34,53,52
a1jkxammnO_xlIEvCJUn-Q,5,92,94,94,92
_M5ngf01IBY-v5LhluT-9w,1,22,28,17,31
YsLOVXOU4bxK_IAEZHZqLA,5,85,91,93,91
Zm2UxtBawR1oufodiW0tZw,1,26,48,19,49
AvC4DNDxs7XiET_RsiwMqw,5,92,92,80,82
EdmqizHq1G87882yRsqONw,5,80,91,83,77
WozFaG_gz9SpHFc8DA-xpQ,1,32,28,44,17
biVQDp3K_vNP1eK5wGZOJg,3,59,23,77,44
Alk4frpiwOJMHuW-b6f77g,5,84,89,81,85
tLCZdAt83gvD6Me_Vshu1w,5,90,88,92,95
DjvpsmdtEvnyMk2vXxpc-w,4,92,87,81,82
u3wWkEDVva0coF_AmzK3lg,5,92,87,85,85
x8YplLfloOzGGL8vlkeILw,1,51,39,35,28
c4lY3hHlf38c2Bxp9gDcDA,5,84,91,83,91
KYdIiZInYh2aWZSMoc5N-Q,2,73,64,18,52
bZP7Zzm3EGEUKcnVVqHweg,2,74,50,61,46
lC2hnEYBN_97HXDQnpGpZA,4,83,95,83,92
DF6kMTHYuKKME_00AinR-w,4,78,90,83,86
v0YATh4rCiPlBpSyNmh3tQ,4,76,86,94,90
p-wnqIJkii8YWAFjEWRf8g,2,67,73,29,27
r1uDaWsmrbNO4CC2Pei9RA,2,61,48,34,44
AxluhyBhbxz0Ndfmi0GjwA,1,48,43,45,21
1XVAnB6BTCSlk89LW_jgfw,5,82,86,92,85
VxYKVSpJOW9VanwWq9KDVg,5,91,88,83,82
YzLcxkQC33HdOEw5XKYjLA,5,91,86,91,89
-xIrVu_7prj_0GDl1tds1w,5,83,95,88,80
2hoBLBsbAdfvFOz8q8OIjw,5,81,95,93,82
-gcS8S7aiHTwYROMC5QP5A,5,95,85,82,90
gS95Lei8i0mXANdCz7Nhbg,5,89,85,85,89
GZ1Kaj4Z2gRS2RsxsQf7aQ,1,33,45,22,33
Dy8BVSkF2VfqGmjb-x56UQ,5,83,91,95,88
rq2Xrp23vN_ur2zNIqGYPw,2,27,59,73,58
JT7cr4C-_ZjjxilGXVrpIA,3,46,75,47,84
T07NQ5miw4ktFJO3vsgAEw,5,79,87,92,80
kN6V5kQgB6rKzxom4e8pqA,1,49,47,39,21
BBt-H2kcXYGumD0Ey84hQw,5,85,87,86,83
u9va4ksYFYJe6FkXkHOo7Q,5,92,88,91,77
1SLJKRYPRifERga33AjK7Q,5,81,93,93,94
vI5AXBTPqTjmCsJHkMU7jg,5,93,91,85,79
T_s4IcIJf5ZHyy8zC28UGw,1,38,31,45,35
GzNbN1Y2OWVk_QJ1zLZbtg,5,91,90,85,93
KMJs7cJjbTVtyv9LCBPjxA,2,19,32,32,65
PkOizWt7NQ4Cy7ggVRFWGw,4,91,86,88,93
wNry60kAR9YmowoBwqncbQ,1,15,22,32,43
eXQW4RvqM79-u3TOKlJe3Q,5,88,89,83,80
wha9cBvuyfLZRyCSJER1EQ,5,84,87,81,81
pvrWPRP9AENdjXcuPwMDwQ,5,82,93,88,92
mUAaF_2LyecIoTzbOPsewg,5,88,95,81,93
im5wDqyQOWVL_OEAB1vOXQ,5,94,91,91,82
L4w_1GqHW-JbtJBKr0y-mA,1,50,31,27,42
om7lh8keQs3hhQoNFEjuUw,5,90,92,89,91
QT4Ub4DlaDX52vdnKutD0A,5,92,86,90,79
3Ll-F55gm-tDXy3I37beJA,1,17,30,35,43
_BJdRw73rGb35ofd3ElTUA,5,83,89,87,84
_zk9LLHk3QUEfaiLL_VfGQ,3,79,71,59,42
M9fOuiesoUSaouOqNQ3U2w,3,78,55,69,29
1Z4_zSITNVQ_Bt027R0S1g,4,86,95,88,77
NqlkeYitexkmyiS6LnWkCA,5,92,87,87,86
QDJ0UYHK5lDWiniL-ALM-Q,5,83,95,90,94
v_tMfa0awn16PMCw7CFnkg,5,80,95,81,83
RiPmWd8i5SsihiAb0S6jdw,4,87,90,81,86
JlfjUgit5RjPxMR86Fd82g,5,84,95,85,91
N59Rkr_cUXJPYSjGOv4vBA,4,92,93,86,81
HW87OtI41rtPajSZ8qyHJw,4,91,87,91,87
dO2V9ut5x8Zx_XhYrNp4Ig,3,17,80,57,77
m_-rq1_VDUJl2R5T5S6ZCA,5,76,85,95,87
ekdlaQSb1pngTU0GpU5zhA,5,87,90,81,78
doW7nAJX6PeH0Ig_mhJsGg,5,84,88,91,84
s1500k_u6yScouzQ-RUb6A,4,83,90,93,84
